2026-05-26 20:02:57.000 [main] INFO  org.testng.internal.Utils - [XmlSuite] [WARN] 'parallel' value 'false' is no longer valid, defaulting to 'none'.
2026-05-26 20:02:57.323 [main] INFO  org.testng.internal.Utils - [TestNG] Running:
  C:\Users\mugn\Documents\NM\fakestoreapi\fakestore-automation\testng.xml

2026-05-26 20:02:57.343 [main] INFO  c.f.automation.utils.LoggerUtil - Test Suite started: Product_AddNewProduct
2026-05-26 20:02:57.362 [main] INFO  c.f.automation.utils.LoggerUtil - Configuration properties loaded successfully
2026-05-26 20:02:57.668 [main] INFO  c.f.automation.utils.LoggerUtil - Extent Report initialized at: test-output/ExtentReports/FakeStoreAPI_TestReport_2026-05-26_20-02-57.html
2026-05-26 20:02:57.692 [main] INFO  c.f.automation.utils.LoggerUtil - Setting up ProductTests...
2026-05-26 20:02:58.184 [main] ERROR c.f.automation.utils.LoggerUtil - Failed to load Excel file: src\main\resources\testdata\combineTestData.xlsx (The system cannot find the file specified)
2026-05-26 20:02:58.202 [main] INFO  c.f.automation.utils.LoggerUtil - Loading test data from Excel sheet: AddNewProduct
2026-05-26 20:02:58.205 [main] ERROR c.f.automation.utils.LoggerUtil - Test failed: testAddNewProduct
2026-05-26 20:02:58.208 [main] INFO  c.f.automation.utils.LoggerUtil - Test Suite finished: Product_AddNewProduct
2026-05-26 20:02:58.540 [main] INFO  c.f.automation.utils.LoggerUtil - Extent Report flushed successfully
2026-05-26 20:08:55.942 [main] INFO  org.testng.internal.Utils - [XmlSuite] [WARN] 'parallel' value 'false' is no longer valid, defaulting to 'none'.
2026-05-26 20:11:49.146 [main] INFO  org.testng.internal.Utils - [TestNG] Running:
  C:\Users\mugn\Documents\NM\fakestoreapi\fakestore-automation\testng.xml

2026-05-26 20:11:49.174 [main] INFO  c.f.automation.utils.LoggerUtil - Test Suite started: Product_AddNewProduct
2026-05-26 20:11:49.177 [main] INFO  c.f.automation.utils.LoggerUtil - Configuration properties loaded successfully
2026-05-26 20:11:49.416 [main] INFO  c.f.automation.utils.LoggerUtil - Extent Report initialized at: test-output/ExtentReports/FakeStoreAPI_TestReport_2026-05-26_20-11-49.html
2026-05-26 20:11:49.445 [main] INFO  c.f.automation.utils.LoggerUtil - Setting up ProductTests...
2026-05-26 20:11:49.880 [main] INFO  c.f.automation.utils.LoggerUtil - ProductTests setup completed
2026-05-26 20:11:49.884 [main] INFO  c.f.automation.utils.LoggerUtil - Loading test data from: ./src/main/resources/testdata/combinedTestData.xlsx:AddNewProduct
2026-05-26 20:11:49.884 [main] INFO  c.f.automation.utils.LoggerUtil - Test data sets filter: ALL
2026-05-26 20:11:49.884 [main] INFO  c.f.automation.utils.LoggerUtil - Excel File: ./src/main/resources/testdata/combinedTestData.xlsx
2026-05-26 20:11:49.884 [main] INFO  c.f.automation.utils.LoggerUtil - Sheet Name: AddNewProduct
2026-05-26 20:11:51.220 [main] INFO  c.f.automation.utils.LoggerUtil - Excel file loaded: ./src/main/resources/testdata/combinedTestData.xlsx
2026-05-26 20:11:51.257 [main] INFO  c.f.automation.utils.LoggerUtil - Total test data rows loaded: 5
2026-05-26 20:11:51.258 [main] INFO  c.f.automation.utils.LoggerUtil - Excel workbook closed
2026-05-26 20:11:51.293 [main] INFO  c.f.automation.utils.LoggerUtil - Test started: testAddNewProduct
2026-05-26 20:11:51.313 [main] INFO  c.f.automation.utils.LoggerUtil - ========== Test: Add New Product ==========
2026-05-26 20:11:51.313 [main] INFO  c.f.automation.utils.LoggerUtil - Test Data: {Description=Automation Product Description, Category=electronics, TestCase=TC1, Price=99, ExpectedTitle=Test Product 1, Title=Test Product 1, Image=https://picsum.photos/id/1/200/300}
2026-05-26 20:11:51.313 [main] INFO  c.f.automation.utils.LoggerUtil - Executing Test Case: TC1
2026-05-26 20:11:51.314 [main] INFO  c.f.automation.utils.LoggerUtil - Product Payload: {image=, price=0.0, description=, title=, category=}
2026-05-26 20:11:51.314 [main] INFO  c.f.automation.utils.LoggerUtil - Creating new product
2026-05-26 20:11:51.701 [main] INFO  c.f.automation.utils.LoggerUtil - Sending HTTP Request --> POST https://fakestoreapi.com/products
2026-05-26 20:11:51.701 [main] DEBUG c.f.automation.utils.LoggerUtil - Request Payload: {
  "image" : "",
  "price" : 0.0,
  "description" : "",
  "title" : "",
  "category" : ""
}
2026-05-26 20:11:51.702 [main] DEBUG c.f.automation.utils.LoggerUtil - REST call timeout configured: 5 minutes
2026-05-26 20:11:51.703 [main] INFO  c.f.automation.utils.LoggerUtil - Headers: {Accept=application/json, Content-Type=application/json}
2026-05-26 20:11:55.448 [main] INFO  c.f.automation.utils.LoggerUtil - Response Code: 201
2026-05-26 20:11:55.450 [main] INFO  c.f.automation.utils.LoggerUtil - Response Time: 3 seconds
2026-05-26 20:11:55.452 [main] INFO  c.f.automation.utils.LoggerUtil - Response Code: 201
2026-05-26 20:11:55.453 [main] INFO  c.f.automation.utils.LoggerUtil - Response Body: {"id":21,"title":"","price":0,"description":"","image":"","category":""}
2026-05-26 20:11:55.454 [main] ERROR c.f.automation.utils.LoggerUtil - ✗ Test FAILED: Expected status code 200 but got 201
2026-05-26 20:11:55.462 [main] ERROR c.f.automation.utils.LoggerUtil - Test failed: testAddNewProduct
2026-05-26 20:11:55.471 [main] INFO  c.f.automation.utils.LoggerUtil - Test started: testAddNewProduct
2026-05-26 20:11:55.472 [main] INFO  c.f.automation.utils.LoggerUtil - ========== Test: Add New Product ==========
2026-05-26 20:11:55.472 [main] INFO  c.f.automation.utils.LoggerUtil - Test Data: {Description=Winter Jacket, Category=men's clothing, TestCase=TC2, Price=120, ExpectedTitle=Men's Jacket, Title=Men's Jacket, Image=https://picsum.photos/id/2/200/300}
2026-05-26 20:11:55.473 [main] INFO  c.f.automation.utils.LoggerUtil - Executing Test Case: TC2
2026-05-26 20:11:55.473 [main] INFO  c.f.automation.utils.LoggerUtil - Product Payload: {image=, price=0.0, description=, title=, category=}
2026-05-26 20:11:55.473 [main] INFO  c.f.automation.utils.LoggerUtil - Creating new product
2026-05-26 20:11:55.475 [main] INFO  c.f.automation.utils.LoggerUtil - Sending HTTP Request --> POST https://fakestoreapi.com/products
2026-05-26 20:11:55.475 [main] DEBUG c.f.automation.utils.LoggerUtil - Request Payload: {
  "image" : "",
  "price" : 0.0,
  "description" : "",
  "title" : "",
  "category" : ""
}
2026-05-26 20:11:55.475 [main] DEBUG c.f.automation.utils.LoggerUtil - REST call timeout configured: 5 minutes
2026-05-26 20:11:55.475 [main] INFO  c.f.automation.utils.LoggerUtil - Headers: {Accept=application/json, Content-Type=application/json}
2026-05-26 20:11:56.234 [main] INFO  c.f.automation.utils.LoggerUtil - Response Code: 201
2026-05-26 20:11:56.235 [main] INFO  c.f.automation.utils.LoggerUtil - Response Time: 0 seconds
2026-05-26 20:11:56.237 [main] INFO  c.f.automation.utils.LoggerUtil - Response Code: 201
2026-05-26 20:11:56.237 [main] INFO  c.f.automation.utils.LoggerUtil - Response Body: {"id":21,"title":"","price":0,"description":"","image":"","category":""}
2026-05-26 20:11:56.238 [main] ERROR c.f.automation.utils.LoggerUtil - ✗ Test FAILED: Expected status code 200 but got 201
2026-05-26 20:11:56.240 [main] ERROR c.f.automation.utils.LoggerUtil - Test failed: testAddNewProduct
2026-05-26 20:11:56.246 [main] INFO  c.f.automation.utils.LoggerUtil - Test started: testAddNewProduct
2026-05-26 20:11:56.248 [main] INFO  c.f.automation.utils.LoggerUtil - ========== Test: Add New Product ==========
2026-05-26 20:11:56.249 [main] INFO  c.f.automation.utils.LoggerUtil - Test Data: {Description=Missing title validation, Category=electronics, TestCase=TC3, Price=50, ExpectedTitle=Empty Title Product, Title=Empty Title Product, Image=https://picsum.photos/id/3/200/300}
2026-05-26 20:11:56.249 [main] INFO  c.f.automation.utils.LoggerUtil - Executing Test Case: TC3
2026-05-26 20:11:56.249 [main] INFO  c.f.automation.utils.LoggerUtil - Product Payload: {image=, price=0.0, description=, title=, category=}
2026-05-26 20:11:56.249 [main] INFO  c.f.automation.utils.LoggerUtil - Creating new product
2026-05-26 20:11:56.249 [main] INFO  c.f.automation.utils.LoggerUtil - Sending HTTP Request --> POST https://fakestoreapi.com/products
2026-05-26 20:11:56.249 [main] DEBUG c.f.automation.utils.LoggerUtil - Request Payload: {
  "image" : "",
  "price" : 0.0,
  "description" : "",
  "title" : "",
  "category" : ""
}
2026-05-26 20:11:56.250 [main] DEBUG c.f.automation.utils.LoggerUtil - REST call timeout configured: 5 minutes
2026-05-26 20:11:56.250 [main] INFO  c.f.automation.utils.LoggerUtil - Headers: {Accept=application/json, Content-Type=application/json}
2026-05-26 20:11:56.776 [main] INFO  c.f.automation.utils.LoggerUtil - Response Code: 201
2026-05-26 20:11:56.776 [main] INFO  c.f.automation.utils.LoggerUtil - Response Time: 0 seconds
2026-05-26 20:11:56.777 [main] INFO  c.f.automation.utils.LoggerUtil - Response Code: 201
2026-05-26 20:11:56.777 [main] INFO  c.f.automation.utils.LoggerUtil - Response Body: {"id":21,"title":"","price":0,"description":"","image":"","category":""}
2026-05-26 20:11:56.777 [main] ERROR c.f.automation.utils.LoggerUtil - ✗ Test FAILED: Expected status code 200 but got 201
2026-05-26 20:11:56.779 [main] ERROR c.f.automation.utils.LoggerUtil - Test failed: testAddNewProduct
2026-05-26 20:11:56.782 [main] INFO  c.f.automation.utils.LoggerUtil - Test started: testAddNewProduct
2026-05-26 20:11:56.783 [main] INFO  c.f.automation.utils.LoggerUtil - ========== Test: Add New Product ==========
2026-05-26 20:11:56.783 [main] INFO  c.f.automation.utils.LoggerUtil - Test Data: {Description=Negative price validation, Category=electronics, TestCase=TC4, Price=-10, ExpectedTitle=Invalid Price Product, Title=Invalid Price Product, Image=https://picsum.photos/id/4/200/300}
2026-05-26 20:11:56.783 [main] INFO  c.f.automation.utils.LoggerUtil - Executing Test Case: TC4
2026-05-26 20:11:56.783 [main] INFO  c.f.automation.utils.LoggerUtil - Product Payload: {image=, price=0.0, description=, title=, category=}
2026-05-26 20:11:56.784 [main] INFO  c.f.automation.utils.LoggerUtil - Creating new product
2026-05-26 20:11:56.784 [main] INFO  c.f.automation.utils.LoggerUtil - Sending HTTP Request --> POST https://fakestoreapi.com/products
2026-05-26 20:11:56.784 [main] DEBUG c.f.automation.utils.LoggerUtil - Request Payload: {
  "image" : "",
  "price" : 0.0,
  "description" : "",
  "title" : "",
  "category" : ""
}
2026-05-26 20:11:56.784 [main] DEBUG c.f.automation.utils.LoggerUtil - REST call timeout configured: 5 minutes
2026-05-26 20:11:56.784 [main] INFO  c.f.automation.utils.LoggerUtil - Headers: {Accept=application/json, Content-Type=application/json}
2026-05-26 20:11:57.628 [main] INFO  c.f.automation.utils.LoggerUtil - Response Code: 201
2026-05-26 20:11:57.629 [main] INFO  c.f.automation.utils.LoggerUtil - Response Time: 0 seconds
2026-05-26 20:11:57.630 [main] INFO  c.f.automation.utils.LoggerUtil - Response Code: 201
2026-05-26 20:11:57.631 [main] INFO  c.f.automation.utils.LoggerUtil - Response Body: {"id":21,"title":"","price":0,"description":"","image":"","category":""}
2026-05-26 20:11:57.632 [main] ERROR c.f.automation.utils.LoggerUtil - ✗ Test FAILED: Expected status code 200 but got 201
2026-05-26 20:11:57.632 [main] ERROR c.f.automation.utils.LoggerUtil - Test failed: testAddNewProduct
2026-05-26 20:11:57.638 [main] INFO  c.f.automation.utils.LoggerUtil - Test started: testAddNewProduct
2026-05-26 20:11:57.638 [main] INFO  c.f.automation.utils.LoggerUtil - ========== Test: Add New Product ==========
2026-05-26 20:11:57.638 [main] INFO  c.f.automation.utils.LoggerUtil - Test Data: {Description=Very long description for API payload validation testing, Category=jewelery, TestCase=TC5, Price=999, ExpectedTitle=Long Description Product, Title=Long Description Product, Image=https://picsum.photos/id/5/200/300}
2026-05-26 20:11:57.638 [main] INFO  c.f.automation.utils.LoggerUtil - Executing Test Case: TC5
2026-05-26 20:11:57.638 [main] INFO  c.f.automation.utils.LoggerUtil - Product Payload: {image=, price=0.0, description=, title=, category=}
2026-05-26 20:11:57.639 [main] INFO  c.f.automation.utils.LoggerUtil - Creating new product
2026-05-26 20:11:57.639 [main] INFO  c.f.automation.utils.LoggerUtil - Sending HTTP Request --> POST https://fakestoreapi.com/products
2026-05-26 20:11:57.639 [main] DEBUG c.f.automation.utils.LoggerUtil - Request Payload: {
  "image" : "",
  "price" : 0.0,
  "description" : "",
  "title" : "",
  "category" : ""
}
2026-05-26 20:11:57.639 [main] DEBUG c.f.automation.utils.LoggerUtil - REST call timeout configured: 5 minutes
2026-05-26 20:11:57.639 [main] INFO  c.f.automation.utils.LoggerUtil - Headers: {Accept=application/json, Content-Type=application/json}
2026-05-26 20:11:58.149 [main] INFO  c.f.automation.utils.LoggerUtil - Response Code: 201
2026-05-26 20:11:58.150 [main] INFO  c.f.automation.utils.LoggerUtil - Response Time: 0 seconds
2026-05-26 20:11:58.151 [main] INFO  c.f.automation.utils.LoggerUtil - Response Code: 201
2026-05-26 20:11:58.151 [main] INFO  c.f.automation.utils.LoggerUtil - Response Body: {"id":21,"title":"","price":0,"description":"","image":"","category":""}
2026-05-26 20:11:58.155 [main] ERROR c.f.automation.utils.LoggerUtil - ✗ Test FAILED: Expected status code 200 but got 201
2026-05-26 20:11:58.156 [main] ERROR c.f.automation.utils.LoggerUtil - Test failed: testAddNewProduct
2026-05-26 20:11:58.161 [main] INFO  c.f.automation.utils.LoggerUtil - Tearing down ProductTests...
2026-05-26 20:11:58.162 [main] INFO  c.f.automation.utils.LoggerUtil - ProductTests teardown completed
2026-05-26 20:11:58.165 [main] INFO  c.f.automation.utils.LoggerUtil - Test Suite finished: Product_AddNewProduct
2026-05-26 20:11:58.856 [main] INFO  c.f.automation.utils.LoggerUtil - Extent Report flushed successfully
2026-05-26 20:17:50.973 [main] INFO  org.testng.internal.Utils - [TestNG] Running:
  C:\Users\mugn\Documents\NM\fakestoreapi\fakestore-automation\testng.xml

2026-05-26 20:17:50.996 [main] INFO  c.f.automation.utils.LoggerUtil - Test Suite started: Product_AddNewProduct
2026-05-26 20:17:50.999 [main] INFO  c.f.automation.utils.LoggerUtil - Configuration properties loaded successfully
2026-05-26 20:17:51.305 [main] INFO  c.f.automation.utils.LoggerUtil - Extent Report initialized at: test-output/ExtentReports/FakeStoreAPI_TestReport_2026-05-26_20-17-50.html
2026-05-26 20:17:51.331 [main] INFO  c.f.automation.utils.LoggerUtil - Setting up ProductTests...
2026-05-26 20:17:51.821 [main] INFO  c.f.automation.utils.LoggerUtil - ProductTests setup completed
2026-05-26 20:17:51.826 [main] INFO  c.f.automation.utils.LoggerUtil - Loading test data from: ./src/main/resources/testdata/combinedTestData.xlsx:AddNewProduct
2026-05-26 20:17:51.827 [main] INFO  c.f.automation.utils.LoggerUtil - Test data sets filter: ALL
2026-05-26 20:17:51.827 [main] INFO  c.f.automation.utils.LoggerUtil - Excel File: ./src/main/resources/testdata/combinedTestData.xlsx
2026-05-26 20:17:51.827 [main] INFO  c.f.automation.utils.LoggerUtil - Sheet Name: AddNewProduct
2026-05-26 20:17:53.413 [main] INFO  c.f.automation.utils.LoggerUtil - Excel file loaded: ./src/main/resources/testdata/combinedTestData.xlsx
2026-05-26 20:17:53.455 [main] INFO  c.f.automation.utils.LoggerUtil - Total test data rows loaded: 5
2026-05-26 20:17:53.456 [main] INFO  c.f.automation.utils.LoggerUtil - Excel workbook closed
2026-05-26 20:17:53.495 [main] INFO  c.f.automation.utils.LoggerUtil - Test started: testAddNewProduct
2026-05-26 20:17:53.524 [main] INFO  c.f.automation.utils.LoggerUtil - ========== Test: Add New Product ==========
2026-05-26 20:17:53.525 [main] INFO  c.f.automation.utils.LoggerUtil - Test Data: {Description=Automation Product Description, Category=electronics, TestCase=TC1, Price=99, ExpectedTitle=Test Product 1, Title=Test Product 1, Image=https://picsum.photos/id/1/200/300}
2026-05-26 20:17:53.526 [main] INFO  c.f.automation.utils.LoggerUtil - Executing Test Case: TC1
2026-05-26 20:17:53.526 [main] INFO  c.f.automation.utils.LoggerUtil - Product Payload: {image=, price=0.0, description=, title=, category=}
2026-05-26 20:17:53.527 [main] INFO  c.f.automation.utils.LoggerUtil - Creating new product
2026-05-26 20:17:54.109 [main] INFO  c.f.automation.utils.LoggerUtil - Sending HTTP Request --> POST https://fakestoreapi.com/products
2026-05-26 20:17:54.110 [main] DEBUG c.f.automation.utils.LoggerUtil - Request Payload: {
  "image" : "",
  "price" : 0.0,
  "description" : "",
  "title" : "",
  "category" : ""
}
2026-05-26 20:17:54.110 [main] DEBUG c.f.automation.utils.LoggerUtil - REST call timeout configured: 5 minutes
2026-05-26 20:17:54.111 [main] INFO  c.f.automation.utils.LoggerUtil - Headers: {Accept=application/json, Content-Type=application/json}
2026-05-26 20:17:58.510 [main] INFO  c.f.automation.utils.LoggerUtil - Response Code: 201
2026-05-26 20:17:58.513 [main] INFO  c.f.automation.utils.LoggerUtil - Response Time: 4 seconds
2026-05-26 20:17:58.515 [main] INFO  c.f.automation.utils.LoggerUtil - Response Code: 201
2026-05-26 20:17:58.516 [main] INFO  c.f.automation.utils.LoggerUtil - Response Body: {"id":21,"title":"","price":0,"description":"","image":"","category":""}
2026-05-26 20:17:58.519 [main] ERROR c.f.automation.utils.LoggerUtil - ✗ Test FAILED: Expected status code 200 but got 201
2026-05-26 20:17:58.544 [main] ERROR c.f.automation.utils.LoggerUtil - Test failed: testAddNewProduct
2026-05-26 20:17:58.572 [main] INFO  c.f.automation.utils.LoggerUtil - Test started: testAddNewProduct
2026-05-26 20:17:58.575 [main] INFO  c.f.automation.utils.LoggerUtil - ========== Test: Add New Product ==========
2026-05-26 20:17:58.576 [main] INFO  c.f.automation.utils.LoggerUtil - Test Data: {Description=Winter Jacket, Category=men's clothing, TestCase=TC2, Price=120, ExpectedTitle=Men's Jacket, Title=Men's Jacket, Image=https://picsum.photos/id/2/200/300}
2026-05-26 20:17:58.579 [main] INFO  c.f.automation.utils.LoggerUtil - Executing Test Case: TC2
2026-05-26 20:17:58.580 [main] INFO  c.f.automation.utils.LoggerUtil - Product Payload: {image=, price=0.0, description=, title=, category=}
2026-05-26 20:17:58.580 [main] INFO  c.f.automation.utils.LoggerUtil - Creating new product
2026-05-26 20:17:58.582 [main] INFO  c.f.automation.utils.LoggerUtil - Sending HTTP Request --> POST https://fakestoreapi.com/products
2026-05-26 20:17:58.583 [main] DEBUG c.f.automation.utils.LoggerUtil - Request Payload: {
  "image" : "",
  "price" : 0.0,
  "description" : "",
  "title" : "",
  "category" : ""
}
2026-05-26 20:17:58.584 [main] DEBUG c.f.automation.utils.LoggerUtil - REST call timeout configured: 5 minutes
2026-05-26 20:17:58.584 [main] INFO  c.f.automation.utils.LoggerUtil - Headers: {Accept=application/json, Content-Type=application/json}
2026-05-26 20:17:59.152 [main] INFO  c.f.automation.utils.LoggerUtil - Response Code: 201
2026-05-26 20:17:59.152 [main] INFO  c.f.automation.utils.LoggerUtil - Response Time: 0 seconds
2026-05-26 20:17:59.153 [main] INFO  c.f.automation.utils.LoggerUtil - Response Code: 201
2026-05-26 20:17:59.153 [main] INFO  c.f.automation.utils.LoggerUtil - Response Body: {"id":21,"title":"","price":0,"description":"","image":"","category":""}
2026-05-26 20:17:59.154 [main] ERROR c.f.automation.utils.LoggerUtil - ✗ Test FAILED: Expected status code 200 but got 201
2026-05-26 20:17:59.155 [main] ERROR c.f.automation.utils.LoggerUtil - Test failed: testAddNewProduct
2026-05-26 20:17:59.161 [main] INFO  c.f.automation.utils.LoggerUtil - Test started: testAddNewProduct
2026-05-26 20:17:59.162 [main] INFO  c.f.automation.utils.LoggerUtil - ========== Test: Add New Product ==========
2026-05-26 20:17:59.162 [main] INFO  c.f.automation.utils.LoggerUtil - Test Data: {Description=Missing title validation, Category=electronics, TestCase=TC3, Price=50, ExpectedTitle=Empty Title Product, Title=Empty Title Product, Image=https://picsum.photos/id/3/200/300}
2026-05-26 20:17:59.162 [main] INFO  c.f.automation.utils.LoggerUtil - Executing Test Case: TC3
2026-05-26 20:17:59.163 [main] INFO  c.f.automation.utils.LoggerUtil - Product Payload: {image=, price=0.0, description=, title=, category=}
2026-05-26 20:17:59.163 [main] INFO  c.f.automation.utils.LoggerUtil - Creating new product
2026-05-26 20:17:59.163 [main] INFO  c.f.automation.utils.LoggerUtil - Sending HTTP Request --> POST https://fakestoreapi.com/products
2026-05-26 20:17:59.163 [main] DEBUG c.f.automation.utils.LoggerUtil - Request Payload: {
  "image" : "",
  "price" : 0.0,
  "description" : "",
  "title" : "",
  "category" : ""
}
2026-05-26 20:17:59.164 [main] DEBUG c.f.automation.utils.LoggerUtil - REST call timeout configured: 5 minutes
2026-05-26 20:17:59.164 [main] INFO  c.f.automation.utils.LoggerUtil - Headers: {Accept=application/json, Content-Type=application/json}
2026-05-26 20:17:59.689 [main] INFO  c.f.automation.utils.LoggerUtil - Response Code: 201
2026-05-26 20:17:59.689 [main] INFO  c.f.automation.utils.LoggerUtil - Response Time: 0 seconds
2026-05-26 20:17:59.690 [main] INFO  c.f.automation.utils.LoggerUtil - Response Code: 201
2026-05-26 20:17:59.690 [main] INFO  c.f.automation.utils.LoggerUtil - Response Body: {"id":21,"title":"","price":0,"description":"","image":"","category":""}
2026-05-26 20:17:59.691 [main] ERROR c.f.automation.utils.LoggerUtil - ✗ Test FAILED: Expected status code 200 but got 201
2026-05-26 20:17:59.692 [main] ERROR c.f.automation.utils.LoggerUtil - Test failed: testAddNewProduct
2026-05-26 20:17:59.696 [main] INFO  c.f.automation.utils.LoggerUtil - Test started: testAddNewProduct
2026-05-26 20:17:59.697 [main] INFO  c.f.automation.utils.LoggerUtil - ========== Test: Add New Product ==========
2026-05-26 20:17:59.697 [main] INFO  c.f.automation.utils.LoggerUtil - Test Data: {Description=Negative price validation, Category=electronics, TestCase=TC4, Price=-10, ExpectedTitle=Invalid Price Product, Title=Invalid Price Product, Image=https://picsum.photos/id/4/200/300}
2026-05-26 20:17:59.698 [main] INFO  c.f.automation.utils.LoggerUtil - Executing Test Case: TC4
2026-05-26 20:17:59.698 [main] INFO  c.f.automation.utils.LoggerUtil - Product Payload: {image=, price=0.0, description=, title=, category=}
2026-05-26 20:17:59.698 [main] INFO  c.f.automation.utils.LoggerUtil - Creating new product
2026-05-26 20:17:59.698 [main] INFO  c.f.automation.utils.LoggerUtil - Sending HTTP Request --> POST https://fakestoreapi.com/products
2026-05-26 20:17:59.698 [main] DEBUG c.f.automation.utils.LoggerUtil - Request Payload: {
  "image" : "",
  "price" : 0.0,
  "description" : "",
  "title" : "",
  "category" : ""
}
2026-05-26 20:17:59.699 [main] DEBUG c.f.automation.utils.LoggerUtil - REST call timeout configured: 5 minutes
2026-05-26 20:17:59.699 [main] INFO  c.f.automation.utils.LoggerUtil - Headers: {Accept=application/json, Content-Type=application/json}
2026-05-26 20:18:00.199 [main] INFO  c.f.automation.utils.LoggerUtil - Response Code: 201
2026-05-26 20:18:00.200 [main] INFO  c.f.automation.utils.LoggerUtil - Response Time: 0 seconds
2026-05-26 20:18:00.200 [main] INFO  c.f.automation.utils.LoggerUtil - Response Code: 201
2026-05-26 20:18:00.200 [main] INFO  c.f.automation.utils.LoggerUtil - Response Body: {"id":21,"title":"","price":0,"description":"","image":"","category":""}
2026-05-26 20:18:00.201 [main] ERROR c.f.automation.utils.LoggerUtil - ✗ Test FAILED: Expected status code 200 but got 201
2026-05-26 20:18:00.202 [main] ERROR c.f.automation.utils.LoggerUtil - Test failed: testAddNewProduct
2026-05-26 20:18:00.207 [main] INFO  c.f.automation.utils.LoggerUtil - Test started: testAddNewProduct
2026-05-26 20:18:00.208 [main] INFO  c.f.automation.utils.LoggerUtil - ========== Test: Add New Product ==========
2026-05-26 20:18:00.208 [main] INFO  c.f.automation.utils.LoggerUtil - Test Data: {Description=Very long description for API payload validation testing, Category=jewelery, TestCase=TC5, Price=999, ExpectedTitle=Long Description Product, Title=Long Description Product, Image=https://picsum.photos/id/5/200/300}
2026-05-26 20:18:00.208 [main] INFO  c.f.automation.utils.LoggerUtil - Executing Test Case: TC5
2026-05-26 20:18:00.208 [main] INFO  c.f.automation.utils.LoggerUtil - Product Payload: {image=, price=0.0, description=, title=, category=}
2026-05-26 20:18:00.208 [main] INFO  c.f.automation.utils.LoggerUtil - Creating new product
2026-05-26 20:18:00.209 [main] INFO  c.f.automation.utils.LoggerUtil - Sending HTTP Request --> POST https://fakestoreapi.com/products
2026-05-26 20:18:00.209 [main] DEBUG c.f.automation.utils.LoggerUtil - Request Payload: {
  "image" : "",
  "price" : 0.0,
  "description" : "",
  "title" : "",
  "category" : ""
}
2026-05-26 20:18:00.209 [main] DEBUG c.f.automation.utils.LoggerUtil - REST call timeout configured: 5 minutes
2026-05-26 20:18:00.210 [main] INFO  c.f.automation.utils.LoggerUtil - Headers: {Accept=application/json, Content-Type=application/json}
2026-05-26 20:18:00.748 [main] INFO  c.f.automation.utils.LoggerUtil - Response Code: 201
2026-05-26 20:18:00.748 [main] INFO  c.f.automation.utils.LoggerUtil - Response Time: 0 seconds
2026-05-26 20:18:00.749 [main] INFO  c.f.automation.utils.LoggerUtil - Response Code: 201
2026-05-26 20:18:00.750 [main] INFO  c.f.automation.utils.LoggerUtil - Response Body: {"id":21,"title":"","price":0,"description":"","image":"","category":""}
2026-05-26 20:18:00.751 [main] ERROR c.f.automation.utils.LoggerUtil - ✗ Test FAILED: Expected status code 200 but got 201
2026-05-26 20:18:00.751 [main] ERROR c.f.automation.utils.LoggerUtil - Test failed: testAddNewProduct
2026-05-26 20:18:00.757 [main] INFO  c.f.automation.utils.LoggerUtil - Tearing down ProductTests...
2026-05-26 20:18:00.758 [main] INFO  c.f.automation.utils.LoggerUtil - ProductTests teardown completed
2026-05-26 20:18:00.761 [main] INFO  c.f.automation.utils.LoggerUtil - Test Suite finished: Product_AddNewProduct
2026-05-26 20:18:01.767 [main] INFO  c.f.automation.utils.LoggerUtil - Extent Report flushed successfully
2026-05-26 20:21:10.448 [main] INFO  org.testng.internal.Utils - [TestNG] Running:
  C:\Users\mugn\Documents\NM\fakestoreapi\fakestore-automation\testng.xml

2026-05-26 20:21:10.481 [main] INFO  c.f.automation.utils.LoggerUtil - Test Suite started: Product_AddNewProduct
2026-05-26 20:21:10.486 [main] INFO  c.f.automation.utils.LoggerUtil - Configuration properties loaded successfully
2026-05-26 20:21:10.932 [main] INFO  c.f.automation.utils.LoggerUtil - Extent Report initialized at: test-output/ExtentReports/FakeStoreAPI_TestReport_2026-05-26_20-21-10.html
2026-05-26 20:21:10.987 [main] INFO  c.f.automation.utils.LoggerUtil - Setting up ProductTests...
2026-05-26 20:21:11.725 [main] INFO  c.f.automation.utils.LoggerUtil - ProductTests setup completed
2026-05-26 20:21:11.734 [main] INFO  c.f.automation.utils.LoggerUtil - Loading test data from: ./src/main/resources/testdata/combinedTestData.xlsx:AddNewProduct
2026-05-26 20:21:11.735 [main] INFO  c.f.automation.utils.LoggerUtil - Test data sets filter: ALL
2026-05-26 20:21:11.736 [main] INFO  c.f.automation.utils.LoggerUtil - Excel File: ./src/main/resources/testdata/combinedTestData.xlsx
2026-05-26 20:21:11.737 [main] INFO  c.f.automation.utils.LoggerUtil - Sheet Name: AddNewProduct
2026-05-26 20:21:13.104 [main] INFO  c.f.automation.utils.LoggerUtil - Excel file loaded: ./src/main/resources/testdata/combinedTestData.xlsx
2026-05-26 20:21:13.135 [main] INFO  c.f.automation.utils.LoggerUtil - Total test data rows loaded: 5
2026-05-26 20:21:13.136 [main] INFO  c.f.automation.utils.LoggerUtil - Excel workbook closed
2026-05-26 20:21:13.163 [main] INFO  c.f.automation.utils.LoggerUtil - Test started: testAddNewProduct
2026-05-26 20:21:13.185 [main] INFO  c.f.automation.utils.LoggerUtil - ========== Test: Add New Product ==========
2026-05-26 20:21:13.186 [main] INFO  c.f.automation.utils.LoggerUtil - Test Data: {Description=Automation Product Description, Category=electronics, TestCase=TC1, Price=99, ExpectedTitle=Test Product 1, Title=Test Product 1, Image=https://picsum.photos/id/1/200/300}
2026-05-26 20:21:13.187 [main] INFO  c.f.automation.utils.LoggerUtil - Executing Test Case: TC1
2026-05-26 20:21:13.187 [main] INFO  c.f.automation.utils.LoggerUtil - Product Payload: {image=, price=0.0, description=, title=, category=}
2026-05-26 20:21:13.188 [main] INFO  c.f.automation.utils.LoggerUtil - Creating new product
2026-05-26 20:21:13.529 [main] INFO  c.f.automation.utils.LoggerUtil - Sending HTTP Request --> POST https://fakestoreapi.com/products
2026-05-26 20:21:13.529 [main] DEBUG c.f.automation.utils.LoggerUtil - Request Payload: {
  "image" : "",
  "price" : 0.0,
  "description" : "",
  "title" : "",
  "category" : ""
}
2026-05-26 20:21:13.530 [main] DEBUG c.f.automation.utils.LoggerUtil - REST call timeout configured: 5 minutes
2026-05-26 20:21:13.530 [main] INFO  c.f.automation.utils.LoggerUtil - Headers: {Accept=application/json, Content-Type=application/json}
2026-05-26 20:21:17.880 [main] INFO  c.f.automation.utils.LoggerUtil - Response Code: 201
2026-05-26 20:21:17.881 [main] INFO  c.f.automation.utils.LoggerUtil - Response Time: 4 seconds
2026-05-26 20:21:17.882 [main] INFO  c.f.automation.utils.LoggerUtil - Response Code: 201
2026-05-26 20:21:17.883 [main] INFO  c.f.automation.utils.LoggerUtil - Response Body: {"id":21,"title":"","price":0,"description":"","image":"","category":""}
2026-05-26 20:21:17.884 [main] ERROR c.f.automation.utils.LoggerUtil - ✗ Test FAILED: Expected status code 200 but got 201
2026-05-26 20:21:17.890 [main] ERROR c.f.automation.utils.LoggerUtil - Test failed: testAddNewProduct
2026-05-26 20:21:17.899 [main] INFO  c.f.automation.utils.LoggerUtil - Test started: testAddNewProduct
2026-05-26 20:21:17.900 [main] INFO  c.f.automation.utils.LoggerUtil - ========== Test: Add New Product ==========
2026-05-26 20:21:17.900 [main] INFO  c.f.automation.utils.LoggerUtil - Test Data: {Description=Winter Jacket, Category=men's clothing, TestCase=TC2, Price=120, ExpectedTitle=Men's Jacket, Title=Men's Jacket, Image=https://picsum.photos/id/2/200/300}
2026-05-26 20:21:17.900 [main] INFO  c.f.automation.utils.LoggerUtil - Executing Test Case: TC2
2026-05-26 20:21:17.900 [main] INFO  c.f.automation.utils.LoggerUtil - Product Payload: {image=, price=0.0, description=, title=, category=}
2026-05-26 20:21:17.901 [main] INFO  c.f.automation.utils.LoggerUtil - Creating new product
2026-05-26 20:21:17.903 [main] INFO  c.f.automation.utils.LoggerUtil - Sending HTTP Request --> POST https://fakestoreapi.com/products
2026-05-26 20:21:17.903 [main] DEBUG c.f.automation.utils.LoggerUtil - Request Payload: {
  "image" : "",
  "price" : 0.0,
  "description" : "",
  "title" : "",
  "category" : ""
}
2026-05-26 20:21:17.903 [main] DEBUG c.f.automation.utils.LoggerUtil - REST call timeout configured: 5 minutes
2026-05-26 20:21:17.903 [main] INFO  c.f.automation.utils.LoggerUtil - Headers: {Accept=application/json, Content-Type=application/json}
2026-05-26 20:21:18.707 [main] INFO  c.f.automation.utils.LoggerUtil - Response Code: 201
2026-05-26 20:21:18.708 [main] INFO  c.f.automation.utils.LoggerUtil - Response Time: 0 seconds
2026-05-26 20:21:18.711 [main] INFO  c.f.automation.utils.LoggerUtil - Response Code: 201
2026-05-26 20:21:18.712 [main] INFO  c.f.automation.utils.LoggerUtil - Response Body: {"id":21,"title":"","price":0,"description":"","image":"","category":""}
2026-05-26 20:21:18.716 [main] ERROR c.f.automation.utils.LoggerUtil - ✗ Test FAILED: Expected status code 200 but got 201
2026-05-26 20:21:18.718 [main] ERROR c.f.automation.utils.LoggerUtil - Test failed: testAddNewProduct
2026-05-26 20:21:18.730 [main] INFO  c.f.automation.utils.LoggerUtil - Test started: testAddNewProduct
2026-05-26 20:21:18.732 [main] INFO  c.f.automation.utils.LoggerUtil - ========== Test: Add New Product ==========
2026-05-26 20:21:18.732 [main] INFO  c.f.automation.utils.LoggerUtil - Test Data: {Description=Missing title validation, Category=electronics, TestCase=TC3, Price=50, ExpectedTitle=Empty Title Product, Title=Empty Title Product, Image=https://picsum.photos/id/3/200/300}
2026-05-26 20:21:18.732 [main] INFO  c.f.automation.utils.LoggerUtil - Executing Test Case: TC3
2026-05-26 20:21:18.732 [main] INFO  c.f.automation.utils.LoggerUtil - Product Payload: {image=, price=0.0, description=, title=, category=}
2026-05-26 20:21:18.733 [main] INFO  c.f.automation.utils.LoggerUtil - Creating new product
2026-05-26 20:21:18.733 [main] INFO  c.f.automation.utils.LoggerUtil - Sending HTTP Request --> POST https://fakestoreapi.com/products
2026-05-26 20:21:18.733 [main] DEBUG c.f.automation.utils.LoggerUtil - Request Payload: {
  "image" : "",
  "price" : 0.0,
  "description" : "",
  "title" : "",
  "category" : ""
}
2026-05-26 20:21:18.734 [main] DEBUG c.f.automation.utils.LoggerUtil - REST call timeout configured: 5 minutes
2026-05-26 20:21:18.734 [main] INFO  c.f.automation.utils.LoggerUtil - Headers: {Accept=application/json, Content-Type=application/json}
2026-05-26 20:21:19.354 [main] INFO  c.f.automation.utils.LoggerUtil - Response Code: 201
2026-05-26 20:21:19.354 [main] INFO  c.f.automation.utils.LoggerUtil - Response Time: 0 seconds
2026-05-26 20:21:19.355 [main] INFO  c.f.automation.utils.LoggerUtil - Response Code: 201
2026-05-26 20:21:19.355 [main] INFO  c.f.automation.utils.LoggerUtil - Response Body: {"id":21,"title":"","price":0,"description":"","image":"","category":""}
2026-05-26 20:21:19.356 [main] ERROR c.f.automation.utils.LoggerUtil - ✗ Test FAILED: Expected status code 200 but got 201
2026-05-26 20:21:19.356 [main] ERROR c.f.automation.utils.LoggerUtil - Test failed: testAddNewProduct
2026-05-26 20:21:19.361 [main] INFO  c.f.automation.utils.LoggerUtil - Test started: testAddNewProduct
2026-05-26 20:21:19.362 [main] INFO  c.f.automation.utils.LoggerUtil - ========== Test: Add New Product ==========
2026-05-26 20:21:19.362 [main] INFO  c.f.automation.utils.LoggerUtil - Test Data: {Description=Negative price validation, Category=electronics, TestCase=TC4, Price=-10, ExpectedTitle=Invalid Price Product, Title=Invalid Price Product, Image=https://picsum.photos/id/4/200/300}
2026-05-26 20:21:19.362 [main] INFO  c.f.automation.utils.LoggerUtil - Executing Test Case: TC4
2026-05-26 20:21:19.363 [main] INFO  c.f.automation.utils.LoggerUtil - Product Payload: {image=, price=0.0, description=, title=, category=}
2026-05-26 20:21:19.363 [main] INFO  c.f.automation.utils.LoggerUtil - Creating new product
2026-05-26 20:21:19.363 [main] INFO  c.f.automation.utils.LoggerUtil - Sending HTTP Request --> POST https://fakestoreapi.com/products
2026-05-26 20:21:19.363 [main] DEBUG c.f.automation.utils.LoggerUtil - Request Payload: {
  "image" : "",
  "price" : 0.0,
  "description" : "",
  "title" : "",
  "category" : ""
}
2026-05-26 20:21:19.363 [main] DEBUG c.f.automation.utils.LoggerUtil - REST call timeout configured: 5 minutes
2026-05-26 20:21:19.363 [main] INFO  c.f.automation.utils.LoggerUtil - Headers: {Accept=application/json, Content-Type=application/json}
2026-05-26 20:21:19.889 [main] INFO  c.f.automation.utils.LoggerUtil - Response Code: 201
2026-05-26 20:21:19.890 [main] INFO  c.f.automation.utils.LoggerUtil - Response Time: 0 seconds
2026-05-26 20:21:19.890 [main] INFO  c.f.automation.utils.LoggerUtil - Response Code: 201
2026-05-26 20:21:19.890 [main] INFO  c.f.automation.utils.LoggerUtil - Response Body: {"id":21,"title":"","price":0,"description":"","image":"","category":""}
2026-05-26 20:21:19.891 [main] ERROR c.f.automation.utils.LoggerUtil - ✗ Test FAILED: Expected status code 200 but got 201
2026-05-26 20:21:19.892 [main] ERROR c.f.automation.utils.LoggerUtil - Test failed: testAddNewProduct
2026-05-26 20:21:19.896 [main] INFO  c.f.automation.utils.LoggerUtil - Test started: testAddNewProduct
2026-05-26 20:21:19.898 [main] INFO  c.f.automation.utils.LoggerUtil - ========== Test: Add New Product ==========
2026-05-26 20:21:19.898 [main] INFO  c.f.automation.utils.LoggerUtil - Test Data: {Description=Very long description for API payload validation testing, Category=jewelery, TestCase=TC5, Price=999, ExpectedTitle=Long Description Product, Title=Long Description Product, Image=https://picsum.photos/id/5/200/300}
2026-05-26 20:21:19.898 [main] INFO  c.f.automation.utils.LoggerUtil - Executing Test Case: TC5
2026-05-26 20:21:19.898 [main] INFO  c.f.automation.utils.LoggerUtil - Product Payload: {image=, price=0.0, description=, title=, category=}
2026-05-26 20:21:19.898 [main] INFO  c.f.automation.utils.LoggerUtil - Creating new product
2026-05-26 20:21:19.898 [main] INFO  c.f.automation.utils.LoggerUtil - Sending HTTP Request --> POST https://fakestoreapi.com/products
2026-05-26 20:21:19.898 [main] DEBUG c.f.automation.utils.LoggerUtil - Request Payload: {
  "image" : "",
  "price" : 0.0,
  "description" : "",
  "title" : "",
  "category" : ""
}
2026-05-26 20:21:19.898 [main] DEBUG c.f.automation.utils.LoggerUtil - REST call timeout configured: 5 minutes
2026-05-26 20:21:19.898 [main] INFO  c.f.automation.utils.LoggerUtil - Headers: {Accept=application/json, Content-Type=application/json}
2026-05-26 20:21:20.422 [main] INFO  c.f.automation.utils.LoggerUtil - Response Code: 201
2026-05-26 20:21:20.423 [main] INFO  c.f.automation.utils.LoggerUtil - Response Time: 0 seconds
2026-05-26 20:21:20.423 [main] INFO  c.f.automation.utils.LoggerUtil - Response Code: 201
2026-05-26 20:21:20.424 [main] INFO  c.f.automation.utils.LoggerUtil - Response Body: {"id":21,"title":"","price":0,"description":"","image":"","category":""}
2026-05-26 20:21:20.425 [main] ERROR c.f.automation.utils.LoggerUtil - ✗ Test FAILED: Expected status code 200 but got 201
2026-05-26 20:21:20.426 [main] ERROR c.f.automation.utils.LoggerUtil - Test failed: testAddNewProduct
2026-05-26 20:21:20.434 [main] INFO  c.f.automation.utils.LoggerUtil - Tearing down ProductTests...
2026-05-26 20:21:20.435 [main] INFO  c.f.automation.utils.LoggerUtil - ProductTests teardown completed
2026-05-26 20:21:20.437 [main] INFO  c.f.automation.utils.LoggerUtil - Test Suite finished: Product_AddNewProduct
2026-05-26 20:21:20.850 [main] INFO  c.f.automation.utils.LoggerUtil - Extent Report flushed successfully
2026-05-26 20:27:40.796 [main] INFO  org.testng.internal.Utils - [TestNG] Running:
  C:\Users\mugn\Documents\NM\fakestoreapi\fakestore-automation\testng.xml

2026-05-26 20:27:40.820 [main] INFO  c.f.automation.utils.LoggerUtil - Test Suite started: Product_AddNewProduct
2026-05-26 20:27:40.823 [main] INFO  c.f.automation.utils.LoggerUtil - Configuration properties loaded successfully
2026-05-26 20:27:41.083 [main] INFO  c.f.automation.utils.LoggerUtil - Extent Report initialized at: test-output/ExtentReports/FakeStoreAPI_TestReport_2026-05-26_20-27-40.html
2026-05-26 20:27:41.127 [main] INFO  c.f.automation.utils.LoggerUtil - Setting up ProductTests...
2026-05-26 20:27:41.530 [main] INFO  c.f.automation.utils.LoggerUtil - ProductTests setup completed
2026-05-26 20:27:41.536 [main] INFO  c.f.automation.utils.LoggerUtil - Loading test data from: ./src/main/resources/testdata/combinedTestData.xlsx:AddNewProduct
2026-05-26 20:27:41.536 [main] INFO  c.f.automation.utils.LoggerUtil - Test data sets filter: ALL
2026-05-26 20:27:41.536 [main] INFO  c.f.automation.utils.LoggerUtil - Excel File: ./src/main/resources/testdata/combinedTestData.xlsx
2026-05-26 20:27:41.536 [main] INFO  c.f.automation.utils.LoggerUtil - Sheet Name: AddNewProduct
2026-05-26 20:27:42.734 [main] INFO  c.f.automation.utils.LoggerUtil - Excel file loaded: ./src/main/resources/testdata/combinedTestData.xlsx
2026-05-26 20:27:42.772 [main] INFO  c.f.automation.utils.LoggerUtil - Total test data rows loaded: 5
2026-05-26 20:27:42.773 [main] INFO  c.f.automation.utils.LoggerUtil - Excel workbook closed
2026-05-26 20:27:42.800 [main] INFO  c.f.automation.utils.LoggerUtil - Test started: testAddNewProduct
2026-05-26 20:27:42.823 [main] INFO  c.f.automation.utils.LoggerUtil - ========== Test: Add New Product ==========
2026-05-26 20:27:42.824 [main] INFO  c.f.automation.utils.LoggerUtil - Test Data: {Description=Automation Product Description, Category=electronics, TestCase=TC1, Price=99, ExpectedTitle=Test Product 1, Title=Test Product 1, Image=https://picsum.photos/id/1/200/300}
2026-05-26 20:27:42.824 [main] INFO  c.f.automation.utils.LoggerUtil - Executing Test Case: TC1
2026-05-26 20:27:42.824 [main] INFO  c.f.automation.utils.LoggerUtil - Product Payload: {image=, price=0.0, description=, title=, category=}
2026-05-26 20:27:42.825 [main] INFO  c.f.automation.utils.LoggerUtil - Creating new product
2026-05-26 20:27:43.138 [main] INFO  c.f.automation.utils.LoggerUtil - Sending HTTP Request --> POST https://fakestoreapi.com/products
2026-05-26 20:27:43.138 [main] DEBUG c.f.automation.utils.LoggerUtil - Request Payload: {
  "image" : "",
  "price" : 0.0,
  "description" : "",
  "title" : "",
  "category" : ""
}
2026-05-26 20:27:43.139 [main] DEBUG c.f.automation.utils.LoggerUtil - REST call timeout configured: 5 minutes
2026-05-26 20:27:43.139 [main] INFO  c.f.automation.utils.LoggerUtil - Headers: {Accept=application/json, Content-Type=application/json}
2026-05-26 20:27:46.198 [main] INFO  c.f.automation.utils.LoggerUtil - Response Code: 201
2026-05-26 20:27:46.200 [main] INFO  c.f.automation.utils.LoggerUtil - Response Time: 3 seconds
2026-05-26 20:27:46.201 [main] INFO  c.f.automation.utils.LoggerUtil - Response Code: 201
2026-05-26 20:27:46.201 [main] INFO  c.f.automation.utils.LoggerUtil - Response Body: {"id":21,"title":"","price":0,"description":"","image":"","category":""}
2026-05-26 20:27:46.206 [main] INFO  c.f.automation.utils.LoggerUtil - ✓ Test PASSED: Response code 201 is a success code
2026-05-26 20:27:46.206 [main] INFO  c.f.automation.utils.LoggerUtil - ========== Test Completed: TC1 ==========
2026-05-26 20:27:46.208 [main] INFO  c.f.automation.utils.LoggerUtil - Test passed: testAddNewProduct
2026-05-26 20:27:46.214 [main] INFO  c.f.automation.utils.LoggerUtil - Test started: testAddNewProduct
2026-05-26 20:27:46.215 [main] INFO  c.f.automation.utils.LoggerUtil - ========== Test: Add New Product ==========
2026-05-26 20:27:46.216 [main] INFO  c.f.automation.utils.LoggerUtil - Test Data: {Description=Winter Jacket, Category=men's clothing, TestCase=TC2, Price=120, ExpectedTitle=Men's Jacket, Title=Men's Jacket, Image=https://picsum.photos/id/2/200/300}
2026-05-26 20:27:46.216 [main] INFO  c.f.automation.utils.LoggerUtil - Executing Test Case: TC2
2026-05-26 20:27:46.216 [main] INFO  c.f.automation.utils.LoggerUtil - Product Payload: {image=, price=0.0, description=, title=, category=}
2026-05-26 20:27:46.216 [main] INFO  c.f.automation.utils.LoggerUtil - Creating new product
2026-05-26 20:27:46.217 [main] INFO  c.f.automation.utils.LoggerUtil - Sending HTTP Request --> POST https://fakestoreapi.com/products
2026-05-26 20:27:46.219 [main] DEBUG c.f.automation.utils.LoggerUtil - Request Payload: {
  "image" : "",
  "price" : 0.0,
  "description" : "",
  "title" : "",
  "category" : ""
}
2026-05-26 20:27:46.219 [main] DEBUG c.f.automation.utils.LoggerUtil - REST call timeout configured: 5 minutes
2026-05-26 20:27:46.219 [main] INFO  c.f.automation.utils.LoggerUtil - Headers: {Accept=application/json, Content-Type=application/json}
2026-05-26 20:27:46.784 [main] INFO  c.f.automation.utils.LoggerUtil - Response Code: 201
2026-05-26 20:27:46.785 [main] INFO  c.f.automation.utils.LoggerUtil - Response Time: 0 seconds
2026-05-26 20:27:46.785 [main] INFO  c.f.automation.utils.LoggerUtil - Response Code: 201
2026-05-26 20:27:46.785 [main] INFO  c.f.automation.utils.LoggerUtil - Response Body: {"id":21,"title":"","price":0,"description":"","image":"","category":""}
2026-05-26 20:27:46.787 [main] INFO  c.f.automation.utils.LoggerUtil - ✓ Test PASSED: Response code 201 is a success code
2026-05-26 20:27:46.787 [main] INFO  c.f.automation.utils.LoggerUtil - ========== Test Completed: TC2 ==========
2026-05-26 20:27:46.788 [main] INFO  c.f.automation.utils.LoggerUtil - Test passed: testAddNewProduct
2026-05-26 20:27:46.793 [main] INFO  c.f.automation.utils.LoggerUtil - Test started: testAddNewProduct
2026-05-26 20:27:46.793 [main] INFO  c.f.automation.utils.LoggerUtil - ========== Test: Add New Product ==========
2026-05-26 20:27:46.794 [main] INFO  c.f.automation.utils.LoggerUtil - Test Data: {Description=Missing title validation, Category=electronics, TestCase=TC3, Price=50, ExpectedTitle=Empty Title Product, Title=Empty Title Product, Image=https://picsum.photos/id/3/200/300}
2026-05-26 20:27:46.794 [main] INFO  c.f.automation.utils.LoggerUtil - Executing Test Case: TC3
2026-05-26 20:27:46.794 [main] INFO  c.f.automation.utils.LoggerUtil - Product Payload: {image=, price=0.0, description=, title=, category=}
2026-05-26 20:27:46.794 [main] INFO  c.f.automation.utils.LoggerUtil - Creating new product
2026-05-26 20:27:46.795 [main] INFO  c.f.automation.utils.LoggerUtil - Sending HTTP Request --> POST https://fakestoreapi.com/products
2026-05-26 20:27:46.795 [main] DEBUG c.f.automation.utils.LoggerUtil - Request Payload: {
  "image" : "",
  "price" : 0.0,
  "description" : "",
  "title" : "",
  "category" : ""
}
2026-05-26 20:27:46.795 [main] DEBUG c.f.automation.utils.LoggerUtil - REST call timeout configured: 5 minutes
2026-05-26 20:27:46.795 [main] INFO  c.f.automation.utils.LoggerUtil - Headers: {Accept=application/json, Content-Type=application/json}
2026-05-26 20:27:47.652 [main] INFO  c.f.automation.utils.LoggerUtil - Response Code: 201
2026-05-26 20:27:47.653 [main] INFO  c.f.automation.utils.LoggerUtil - Response Time: 0 seconds
2026-05-26 20:27:47.654 [main] INFO  c.f.automation.utils.LoggerUtil - Response Code: 201
2026-05-26 20:27:47.655 [main] INFO  c.f.automation.utils.LoggerUtil - Response Body: {"id":21,"title":"","price":0,"description":"","image":"","category":""}
2026-05-26 20:27:47.656 [main] INFO  c.f.automation.utils.LoggerUtil - ✓ Test PASSED: Response code 201 is a success code
2026-05-26 20:27:47.657 [main] INFO  c.f.automation.utils.LoggerUtil - ========== Test Completed: TC3 ==========
2026-05-26 20:27:47.658 [main] INFO  c.f.automation.utils.LoggerUtil - Test passed: testAddNewProduct
2026-05-26 20:27:47.662 [main] INFO  c.f.automation.utils.LoggerUtil - Test started: testAddNewProduct
2026-05-26 20:27:47.663 [main] INFO  c.f.automation.utils.LoggerUtil - ========== Test: Add New Product ==========
2026-05-26 20:27:47.663 [main] INFO  c.f.automation.utils.LoggerUtil - Test Data: {Description=Negative price validation, Category=electronics, TestCase=TC4, Price=-10, ExpectedTitle=Invalid Price Product, Title=Invalid Price Product, Image=https://picsum.photos/id/4/200/300}
2026-05-26 20:27:47.664 [main] INFO  c.f.automation.utils.LoggerUtil - Executing Test Case: TC4
2026-05-26 20:27:47.664 [main] INFO  c.f.automation.utils.LoggerUtil - Product Payload: {image=, price=0.0, description=, title=, category=}
2026-05-26 20:27:47.664 [main] INFO  c.f.automation.utils.LoggerUtil - Creating new product
2026-05-26 20:27:47.664 [main] INFO  c.f.automation.utils.LoggerUtil - Sending HTTP Request --> POST https://fakestoreapi.com/products
2026-05-26 20:27:47.664 [main] DEBUG c.f.automation.utils.LoggerUtil - Request Payload: {
  "image" : "",
  "price" : 0.0,
  "description" : "",
  "title" : "",
  "category" : ""
}
2026-05-26 20:27:47.664 [main] DEBUG c.f.automation.utils.LoggerUtil - REST call timeout configured: 5 minutes
2026-05-26 20:27:47.664 [main] INFO  c.f.automation.utils.LoggerUtil - Headers: {Accept=application/json, Content-Type=application/json}
2026-05-26 20:27:48.146 [main] INFO  c.f.automation.utils.LoggerUtil - Response Code: 201
2026-05-26 20:27:48.146 [main] INFO  c.f.automation.utils.LoggerUtil - Response Time: 0 seconds
2026-05-26 20:27:48.148 [main] INFO  c.f.automation.utils.LoggerUtil - Response Code: 201
2026-05-26 20:27:48.149 [main] INFO  c.f.automation.utils.LoggerUtil - Response Body: {"id":21,"title":"","price":0,"description":"","image":"","category":""}
2026-05-26 20:27:48.151 [main] INFO  c.f.automation.utils.LoggerUtil - ✓ Test PASSED: Response code 201 is a success code
2026-05-26 20:27:48.152 [main] INFO  c.f.automation.utils.LoggerUtil - ========== Test Completed: TC4 ==========
2026-05-26 20:27:48.153 [main] INFO  c.f.automation.utils.LoggerUtil - Test passed: testAddNewProduct
2026-05-26 20:27:48.157 [main] INFO  c.f.automation.utils.LoggerUtil - Test started: testAddNewProduct
2026-05-26 20:27:48.158 [main] INFO  c.f.automation.utils.LoggerUtil - ========== Test: Add New Product ==========
2026-05-26 20:27:48.158 [main] INFO  c.f.automation.utils.LoggerUtil - Test Data: {Description=Very long description for API payload validation testing, Category=jewelery, TestCase=TC5, Price=999, ExpectedTitle=Long Description Product, Title=Long Description Product, Image=https://picsum.photos/id/5/200/300}
2026-05-26 20:27:48.158 [main] INFO  c.f.automation.utils.LoggerUtil - Executing Test Case: TC5
2026-05-26 20:27:48.158 [main] INFO  c.f.automation.utils.LoggerUtil - Product Payload: {image=, price=0.0, description=, title=, category=}
2026-05-26 20:27:48.159 [main] INFO  c.f.automation.utils.LoggerUtil - Creating new product
2026-05-26 20:27:48.159 [main] INFO  c.f.automation.utils.LoggerUtil - Sending HTTP Request --> POST https://fakestoreapi.com/products
2026-05-26 20:27:48.159 [main] DEBUG c.f.automation.utils.LoggerUtil - Request Payload: {
  "image" : "",
  "price" : 0.0,
  "description" : "",
  "title" : "",
  "category" : ""
}
2026-05-26 20:27:48.159 [main] DEBUG c.f.automation.utils.LoggerUtil - REST call timeout configured: 5 minutes
2026-05-26 20:27:48.160 [main] INFO  c.f.automation.utils.LoggerUtil - Headers: {Accept=application/json, Content-Type=application/json}
2026-05-26 20:27:48.659 [main] INFO  c.f.automation.utils.LoggerUtil - Response Code: 201
2026-05-26 20:27:48.660 [main] INFO  c.f.automation.utils.LoggerUtil - Response Time: 0 seconds
2026-05-26 20:27:48.663 [main] INFO  c.f.automation.utils.LoggerUtil - Response Code: 201
2026-05-26 20:27:48.664 [main] INFO  c.f.automation.utils.LoggerUtil - Response Body: {"id":21,"title":"","price":0,"description":"","image":"","category":""}
2026-05-26 20:27:48.666 [main] INFO  c.f.automation.utils.LoggerUtil - ✓ Test PASSED: Response code 201 is a success code
2026-05-26 20:27:48.667 [main] INFO  c.f.automation.utils.LoggerUtil - ========== Test Completed: TC5 ==========
2026-05-26 20:27:48.669 [main] INFO  c.f.automation.utils.LoggerUtil - Test passed: testAddNewProduct
2026-05-26 20:27:48.675 [main] INFO  c.f.automation.utils.LoggerUtil - Tearing down ProductTests...
2026-05-26 20:27:48.675 [main] INFO  c.f.automation.utils.LoggerUtil - ProductTests teardown completed
2026-05-26 20:27:48.678 [main] INFO  c.f.automation.utils.LoggerUtil - Test Suite finished: Product_AddNewProduct
2026-05-26 20:27:49.071 [main] INFO  c.f.automation.utils.LoggerUtil - Extent Report flushed successfully
2026-05-26 20:28:42.673 [main] INFO  org.testng.internal.Utils - [TestNG] Running:
  C:\Users\mugn\Documents\NM\fakestoreapi\fakestore-automation\testng.xml

2026-05-26 20:28:42.694 [main] INFO  c.f.automation.utils.LoggerUtil - Test Suite started: Product_AddNewProduct
2026-05-26 20:28:42.696 [main] INFO  c.f.automation.utils.LoggerUtil - Configuration properties loaded successfully
2026-05-26 20:28:42.927 [main] INFO  c.f.automation.utils.LoggerUtil - Extent Report initialized at: test-output/ExtentReports/FakeStoreAPI_TestReport_2026-05-26_20-28-42.html
2026-05-26 20:28:42.957 [main] INFO  c.f.automation.utils.LoggerUtil - Setting up ProductTests...
2026-05-26 20:28:43.365 [main] INFO  c.f.automation.utils.LoggerUtil - ProductTests setup completed
2026-05-26 20:28:43.368 [main] INFO  c.f.automation.utils.LoggerUtil - Loading test data from: ./src/main/resources/testdata/combinedTestData.xlsx:AddNewProduct
2026-05-26 20:28:43.369 [main] INFO  c.f.automation.utils.LoggerUtil - Test data sets filter: ALL
2026-05-26 20:28:43.369 [main] INFO  c.f.automation.utils.LoggerUtil - Excel File: ./src/main/resources/testdata/combinedTestData.xlsx
2026-05-26 20:28:43.369 [main] INFO  c.f.automation.utils.LoggerUtil - Sheet Name: AddNewProduct
2026-05-26 20:28:44.221 [main] INFO  c.f.automation.utils.LoggerUtil - Excel file loaded: ./src/main/resources/testdata/combinedTestData.xlsx
2026-05-26 20:28:44.245 [main] INFO  c.f.automation.utils.LoggerUtil - Total test data rows loaded: 5
2026-05-26 20:28:44.245 [main] INFO  c.f.automation.utils.LoggerUtil - Excel workbook closed
2026-05-26 20:28:44.262 [main] INFO  c.f.automation.utils.LoggerUtil - Test started: testAddNewProduct
2026-05-26 20:28:44.273 [main] INFO  c.f.automation.utils.LoggerUtil - ========== Test: Add New Product ==========
2026-05-26 20:28:44.273 [main] INFO  c.f.automation.utils.LoggerUtil - Test Data: {Description=Automation Product Description, Category=electronics, TestCase=TC1, Price=99, ExpectedTitle=Test Product 1, Title=Test Product 1, Image=https://picsum.photos/id/1/200/300}
2026-05-26 20:28:44.273 [main] INFO  c.f.automation.utils.LoggerUtil - Executing Test Case: TC1
2026-05-26 20:28:44.273 [main] INFO  c.f.automation.utils.LoggerUtil - Product Payload: {image=, price=0.0, description=, title=, category=}
2026-05-26 20:28:44.273 [main] INFO  c.f.automation.utils.LoggerUtil - Creating new product
2026-05-26 20:28:44.441 [main] INFO  c.f.automation.utils.LoggerUtil - Sending HTTP Request --> POST https://fakestoreapi.com/products
2026-05-26 20:28:44.441 [main] DEBUG c.f.automation.utils.LoggerUtil - Request Payload: {
  "image" : "",
  "price" : 0.0,
  "description" : "",
  "title" : "",
  "category" : ""
}
2026-05-26 20:28:44.441 [main] DEBUG c.f.automation.utils.LoggerUtil - REST call timeout configured: 5 minutes
2026-05-26 20:28:44.441 [main] INFO  c.f.automation.utils.LoggerUtil - Headers: {Accept=application/json, Content-Type=application/json}
2026-05-26 20:28:46.582 [main] INFO  c.f.automation.utils.LoggerUtil - Response Code: 201
2026-05-26 20:28:46.583 [main] INFO  c.f.automation.utils.LoggerUtil - Response Time: 2 seconds
2026-05-26 20:28:46.584 [main] INFO  c.f.automation.utils.LoggerUtil - Response Code: 201
2026-05-26 20:28:46.584 [main] INFO  c.f.automation.utils.LoggerUtil - Response Body: {"id":21,"title":"","price":0,"description":"","image":"","category":""}
2026-05-26 20:28:46.592 [main] INFO  c.f.automation.utils.LoggerUtil - ✓ Test PASSED: Response code 201 is a success code
2026-05-26 20:28:46.592 [main] INFO  c.f.automation.utils.LoggerUtil - ========== Test Completed: TC1 ==========
2026-05-26 20:28:46.595 [main] INFO  c.f.automation.utils.LoggerUtil - Test passed: testAddNewProduct
2026-05-26 20:28:46.603 [main] INFO  c.f.automation.utils.LoggerUtil - Test started: testAddNewProduct
2026-05-26 20:28:46.604 [main] INFO  c.f.automation.utils.LoggerUtil - ========== Test: Add New Product ==========
2026-05-26 20:28:46.605 [main] INFO  c.f.automation.utils.LoggerUtil - Test Data: {Description=Winter Jacket, Category=men's clothing, TestCase=TC2, Price=120, ExpectedTitle=Men's Jacket, Title=Men's Jacket, Image=https://picsum.photos/id/2/200/300}
2026-05-26 20:28:46.605 [main] INFO  c.f.automation.utils.LoggerUtil - Executing Test Case: TC2
2026-05-26 20:28:46.605 [main] INFO  c.f.automation.utils.LoggerUtil - Product Payload: {image=, price=0.0, description=, title=, category=}
2026-05-26 20:28:46.605 [main] INFO  c.f.automation.utils.LoggerUtil - Creating new product
2026-05-26 20:28:46.606 [main] INFO  c.f.automation.utils.LoggerUtil - Sending HTTP Request --> POST https://fakestoreapi.com/products
2026-05-26 20:28:46.607 [main] DEBUG c.f.automation.utils.LoggerUtil - Request Payload: {
  "image" : "",
  "price" : 0.0,
  "description" : "",
  "title" : "",
  "category" : ""
}
2026-05-26 20:28:46.607 [main] DEBUG c.f.automation.utils.LoggerUtil - REST call timeout configured: 5 minutes
2026-05-26 20:28:46.607 [main] INFO  c.f.automation.utils.LoggerUtil - Headers: {Accept=application/json, Content-Type=application/json}
2026-05-26 20:28:47.075 [main] INFO  c.f.automation.utils.LoggerUtil - Response Code: 201
2026-05-26 20:28:47.075 [main] INFO  c.f.automation.utils.LoggerUtil - Response Time: 0 seconds
2026-05-26 20:28:47.077 [main] INFO  c.f.automation.utils.LoggerUtil - Response Code: 201
2026-05-26 20:28:47.077 [main] INFO  c.f.automation.utils.LoggerUtil - Response Body: {"id":21,"title":"","price":0,"description":"","image":"","category":""}
2026-05-26 20:28:47.079 [main] INFO  c.f.automation.utils.LoggerUtil - ✓ Test PASSED: Response code 201 is a success code
2026-05-26 20:28:47.081 [main] INFO  c.f.automation.utils.LoggerUtil - ========== Test Completed: TC2 ==========
2026-05-26 20:28:47.082 [main] INFO  c.f.automation.utils.LoggerUtil - Test passed: testAddNewProduct
2026-05-26 20:28:47.089 [main] INFO  c.f.automation.utils.LoggerUtil - Test started: testAddNewProduct
2026-05-26 20:28:47.091 [main] INFO  c.f.automation.utils.LoggerUtil - ========== Test: Add New Product ==========
2026-05-26 20:28:47.091 [main] INFO  c.f.automation.utils.LoggerUtil - Test Data: {Description=Missing title validation, Category=electronics, TestCase=TC3, Price=50, ExpectedTitle=Empty Title Product, Title=Empty Title Product, Image=https://picsum.photos/id/3/200/300}
2026-05-26 20:28:47.091 [main] INFO  c.f.automation.utils.LoggerUtil - Executing Test Case: TC3
2026-05-26 20:28:47.091 [main] INFO  c.f.automation.utils.LoggerUtil - Product Payload: {image=, price=0.0, description=, title=, category=}
2026-05-26 20:28:47.091 [main] INFO  c.f.automation.utils.LoggerUtil - Creating new product
2026-05-26 20:28:47.092 [main] INFO  c.f.automation.utils.LoggerUtil - Sending HTTP Request --> POST https://fakestoreapi.com/products
2026-05-26 20:28:47.092 [main] DEBUG c.f.automation.utils.LoggerUtil - Request Payload: {
  "image" : "",
  "price" : 0.0,
  "description" : "",
  "title" : "",
  "category" : ""
}
2026-05-26 20:28:47.092 [main] DEBUG c.f.automation.utils.LoggerUtil - REST call timeout configured: 5 minutes
2026-05-26 20:28:47.092 [main] INFO  c.f.automation.utils.LoggerUtil - Headers: {Accept=application/json, Content-Type=application/json}
2026-05-26 20:28:47.570 [main] INFO  c.f.automation.utils.LoggerUtil - Response Code: 201
2026-05-26 20:28:47.571 [main] INFO  c.f.automation.utils.LoggerUtil - Response Time: 0 seconds
2026-05-26 20:28:47.573 [main] INFO  c.f.automation.utils.LoggerUtil - Response Code: 201
2026-05-26 20:28:47.573 [main] INFO  c.f.automation.utils.LoggerUtil - Response Body: {"id":21,"title":"","price":0,"description":"","image":"","category":""}
2026-05-26 20:28:47.575 [main] INFO  c.f.automation.utils.LoggerUtil - ✓ Test PASSED: Response code 201 is a success code
2026-05-26 20:28:47.576 [main] INFO  c.f.automation.utils.LoggerUtil - ========== Test Completed: TC3 ==========
2026-05-26 20:28:47.577 [main] INFO  c.f.automation.utils.LoggerUtil - Test passed: testAddNewProduct
2026-05-26 20:28:47.583 [main] INFO  c.f.automation.utils.LoggerUtil - Test started: testAddNewProduct
2026-05-26 20:28:47.584 [main] INFO  c.f.automation.utils.LoggerUtil - ========== Test: Add New Product ==========
2026-05-26 20:28:47.584 [main] INFO  c.f.automation.utils.LoggerUtil - Test Data: {Description=Negative price validation, Category=electronics, TestCase=TC4, Price=-10, ExpectedTitle=Invalid Price Product, Title=Invalid Price Product, Image=https://picsum.photos/id/4/200/300}
2026-05-26 20:28:47.585 [main] INFO  c.f.automation.utils.LoggerUtil - Executing Test Case: TC4
2026-05-26 20:28:47.585 [main] INFO  c.f.automation.utils.LoggerUtil - Product Payload: {image=, price=0.0, description=, title=, category=}
2026-05-26 20:28:47.585 [main] INFO  c.f.automation.utils.LoggerUtil - Creating new product
2026-05-26 20:28:47.585 [main] INFO  c.f.automation.utils.LoggerUtil - Sending HTTP Request --> POST https://fakestoreapi.com/products
2026-05-26 20:28:47.585 [main] DEBUG c.f.automation.utils.LoggerUtil - Request Payload: {
  "image" : "",
  "price" : 0.0,
  "description" : "",
  "title" : "",
  "category" : ""
}
2026-05-26 20:28:47.586 [main] DEBUG c.f.automation.utils.LoggerUtil - REST call timeout configured: 5 minutes
2026-05-26 20:28:47.586 [main] INFO  c.f.automation.utils.LoggerUtil - Headers: {Accept=application/json, Content-Type=application/json}
2026-05-26 20:28:48.376 [main] INFO  c.f.automation.utils.LoggerUtil - Response Code: 201
2026-05-26 20:28:48.376 [main] INFO  c.f.automation.utils.LoggerUtil - Response Time: 0 seconds
2026-05-26 20:28:48.377 [main] INFO  c.f.automation.utils.LoggerUtil - Response Code: 201
2026-05-26 20:28:48.377 [main] INFO  c.f.automation.utils.LoggerUtil - Response Body: {"id":21,"title":"","price":0,"description":"","image":"","category":""}
2026-05-26 20:28:48.377 [main] INFO  c.f.automation.utils.LoggerUtil - ✓ Test PASSED: Response code 201 is a success code
2026-05-26 20:28:48.377 [main] INFO  c.f.automation.utils.LoggerUtil - ========== Test Completed: TC4 ==========
2026-05-26 20:28:48.378 [main] INFO  c.f.automation.utils.LoggerUtil - Test passed: testAddNewProduct
2026-05-26 20:28:48.380 [main] INFO  c.f.automation.utils.LoggerUtil - Test started: testAddNewProduct
2026-05-26 20:28:48.381 [main] INFO  c.f.automation.utils.LoggerUtil - ========== Test: Add New Product ==========
2026-05-26 20:28:48.381 [main] INFO  c.f.automation.utils.LoggerUtil - Test Data: {Description=Very long description for API payload validation testing, Category=jewelery, TestCase=TC5, Price=999, ExpectedTitle=Long Description Product, Title=Long Description Product, Image=https://picsum.photos/id/5/200/300}
2026-05-26 20:28:48.381 [main] INFO  c.f.automation.utils.LoggerUtil - Executing Test Case: TC5
2026-05-26 20:28:48.381 [main] INFO  c.f.automation.utils.LoggerUtil - Product Payload: {image=, price=0.0, description=, title=, category=}
2026-05-26 20:28:48.381 [main] INFO  c.f.automation.utils.LoggerUtil - Creating new product
2026-05-26 20:28:48.382 [main] INFO  c.f.automation.utils.LoggerUtil - Sending HTTP Request --> POST https://fakestoreapi.com/products
2026-05-26 20:28:48.382 [main] DEBUG c.f.automation.utils.LoggerUtil - Request Payload: {
  "image" : "",
  "price" : 0.0,
  "description" : "",
  "title" : "",
  "category" : ""
}
2026-05-26 20:28:48.382 [main] DEBUG c.f.automation.utils.LoggerUtil - REST call timeout configured: 5 minutes
2026-05-26 20:28:48.382 [main] INFO  c.f.automation.utils.LoggerUtil - Headers: {Accept=application/json, Content-Type=application/json}
2026-05-26 20:28:48.865 [main] INFO  c.f.automation.utils.LoggerUtil - Response Code: 201
2026-05-26 20:28:48.866 [main] INFO  c.f.automation.utils.LoggerUtil - Response Time: 0 seconds
2026-05-26 20:28:48.869 [main] INFO  c.f.automation.utils.LoggerUtil - Response Code: 201
2026-05-26 20:28:48.870 [main] INFO  c.f.automation.utils.LoggerUtil - Response Body: {"id":21,"title":"","price":0,"description":"","image":"","category":""}
2026-05-26 20:28:48.872 [main] INFO  c.f.automation.utils.LoggerUtil - ✓ Test PASSED: Response code 201 is a success code
2026-05-26 20:28:48.873 [main] INFO  c.f.automation.utils.LoggerUtil - ========== Test Completed: TC5 ==========
2026-05-26 20:28:48.874 [main] INFO  c.f.automation.utils.LoggerUtil - Test passed: testAddNewProduct
2026-05-26 20:28:48.879 [main] INFO  c.f.automation.utils.LoggerUtil - Tearing down ProductTests...
2026-05-26 20:28:48.879 [main] INFO  c.f.automation.utils.LoggerUtil - ProductTests teardown completed
2026-05-26 20:28:48.883 [main] INFO  c.f.automation.utils.LoggerUtil - Test Suite finished: Product_AddNewProduct
2026-05-26 20:28:49.202 [main] INFO  c.f.automation.utils.LoggerUtil - Extent Report flushed successfully
2026-05-26 20:32:33.989 [main] INFO  org.testng.internal.Utils - [TestNG] Running:
  C:\Users\mugn\Documents\NM\fakestoreapi\fakestore-automation\testng.xml

2026-05-26 20:32:34.010 [main] INFO  c.f.automation.utils.LoggerUtil - Test Suite started: Product_AddNewProduct
2026-05-26 20:32:34.014 [main] INFO  c.f.automation.utils.LoggerUtil - Configuration properties loaded successfully
2026-05-26 20:32:34.267 [main] INFO  c.f.automation.utils.LoggerUtil - Extent Report initialized at: test-output/ExtentReports/FakeStoreAPI_TestReport_2026-05-26_20-32-34.html
2026-05-26 20:32:34.292 [main] INFO  c.f.automation.utils.LoggerUtil - Setting up ProductTests...
2026-05-26 20:32:34.747 [main] INFO  c.f.automation.utils.LoggerUtil - ProductTests setup completed
2026-05-26 20:32:34.751 [main] INFO  c.f.automation.utils.LoggerUtil - Loading test data from: ./src/main/resources/testdata/combinedTestData.xlsx:AddNewProduct
2026-05-26 20:32:34.751 [main] INFO  c.f.automation.utils.LoggerUtil - Test data sets filter: ALL
2026-05-26 20:32:34.751 [main] INFO  c.f.automation.utils.LoggerUtil - Excel File: ./src/main/resources/testdata/combinedTestData.xlsx
2026-05-26 20:32:34.751 [main] INFO  c.f.automation.utils.LoggerUtil - Sheet Name: AddNewProduct
2026-05-26 20:32:35.595 [main] INFO  c.f.automation.utils.LoggerUtil - Excel file loaded: ./src/main/resources/testdata/combinedTestData.xlsx
2026-05-26 20:32:35.619 [main] INFO  c.f.automation.utils.LoggerUtil - Total test data rows loaded: 5
2026-05-26 20:32:35.620 [main] INFO  c.f.automation.utils.LoggerUtil - Excel workbook closed
2026-05-26 20:32:35.640 [main] INFO  c.f.automation.utils.LoggerUtil - Test started: testAddNewProduct
2026-05-26 20:32:35.657 [main] INFO  c.f.automation.utils.LoggerUtil - ========== Test: Add New Product ==========
2026-05-26 20:32:35.658 [main] INFO  c.f.automation.utils.LoggerUtil - Test Data: {Description=Automation Product Description, Category=electronics, TestCase=TC1, Price=99, ExpectedTitle=Test Product 1, Title=Test Product 1, Image=https://picsum.photos/id/1/200/300}
2026-05-26 20:32:35.658 [main] INFO  c.f.automation.utils.LoggerUtil - Executing Test Case: TC1
2026-05-26 20:32:35.658 [main] INFO  c.f.automation.utils.LoggerUtil - Product Payload: {image=https://picsum.photos/id/1/200/300, price=99.0, description=Automation Product Description, title=Test Product 1, category=electronics}
2026-05-26 20:32:35.658 [main] INFO  c.f.automation.utils.LoggerUtil - Creating new product
2026-05-26 20:32:35.902 [main] INFO  c.f.automation.utils.LoggerUtil - Sending HTTP Request --> POST https://fakestoreapi.com/products
2026-05-26 20:32:35.902 [main] DEBUG c.f.automation.utils.LoggerUtil - Request Payload: {
  "image" : "https://picsum.photos/id/1/200/300",
  "price" : 99.0,
  "description" : "Automation Product Description",
  "title" : "Test Product 1",
  "category" : "electronics"
}
2026-05-26 20:32:35.903 [main] DEBUG c.f.automation.utils.LoggerUtil - REST call timeout configured: 5 minutes
2026-05-26 20:32:35.903 [main] INFO  c.f.automation.utils.LoggerUtil - Headers: {Accept=application/json, Content-Type=application/json}
2026-05-26 20:32:39.568 [main] INFO  c.f.automation.utils.LoggerUtil - Response Code: 201
2026-05-26 20:32:39.570 [main] INFO  c.f.automation.utils.LoggerUtil - Response Time: 3 seconds
2026-05-26 20:32:39.571 [main] INFO  c.f.automation.utils.LoggerUtil - Response Code: 201
2026-05-26 20:32:39.572 [main] INFO  c.f.automation.utils.LoggerUtil - Response Body: {"id":21,"title":"Test Product 1","price":99,"description":"Automation Product Description","image":"https://picsum.photos/id/1/200/300","category":"electronics"}
2026-05-26 20:32:39.579 [main] INFO  c.f.automation.utils.LoggerUtil - ✓ Status Code Validation PASSED: Response code 201 is a success code
2026-05-26 20:32:39.580 [main] INFO  c.f.automation.utils.LoggerUtil - ✓ Response Body Validation PASSED: Contains 'id' field
2026-05-26 20:32:39.580 [main] INFO  c.f.automation.utils.LoggerUtil - ✓ Response Body Validation PASSED: Contains 'title' field
2026-05-26 20:32:39.580 [main] INFO  c.f.automation.utils.LoggerUtil - ✓ Response Body Validation PASSED: Contains 'price' field
2026-05-26 20:32:39.580 [main] INFO  c.f.automation.utils.LoggerUtil - ✓ Response Structure Validation PASSED: Valid JSON format
2026-05-26 20:32:39.580 [main] INFO  c.f.automation.utils.LoggerUtil - ========== Test Completed: TC1 ==========
2026-05-26 20:32:39.584 [main] INFO  c.f.automation.utils.LoggerUtil - Test passed: testAddNewProduct
2026-05-26 20:32:39.590 [main] INFO  c.f.automation.utils.LoggerUtil - Test started: testAddNewProduct
2026-05-26 20:32:39.591 [main] INFO  c.f.automation.utils.LoggerUtil - ========== Test: Add New Product ==========
2026-05-26 20:32:39.592 [main] INFO  c.f.automation.utils.LoggerUtil - Test Data: {Description=Winter Jacket, Category=men's clothing, TestCase=TC2, Price=120, ExpectedTitle=Men's Jacket, Title=Men's Jacket, Image=https://picsum.photos/id/2/200/300}
2026-05-26 20:32:39.592 [main] INFO  c.f.automation.utils.LoggerUtil - Executing Test Case: TC2
2026-05-26 20:32:39.592 [main] INFO  c.f.automation.utils.LoggerUtil - Product Payload: {image=https://picsum.photos/id/2/200/300, price=120.0, description=Winter Jacket, title=Men's Jacket, category=men's clothing}
2026-05-26 20:32:39.592 [main] INFO  c.f.automation.utils.LoggerUtil - Creating new product
2026-05-26 20:32:39.593 [main] INFO  c.f.automation.utils.LoggerUtil - Sending HTTP Request --> POST https://fakestoreapi.com/products
2026-05-26 20:32:39.593 [main] DEBUG c.f.automation.utils.LoggerUtil - Request Payload: {
  "image" : "https://picsum.photos/id/2/200/300",
  "price" : 120.0,
  "description" : "Winter Jacket",
  "title" : "Men's Jacket",
  "category" : "men's clothing"
}
2026-05-26 20:32:39.593 [main] DEBUG c.f.automation.utils.LoggerUtil - REST call timeout configured: 5 minutes
2026-05-26 20:32:39.593 [main] INFO  c.f.automation.utils.LoggerUtil - Headers: {Accept=application/json, Content-Type=application/json}
2026-05-26 20:32:40.170 [main] INFO  c.f.automation.utils.LoggerUtil - Response Code: 201
2026-05-26 20:32:40.171 [main] INFO  c.f.automation.utils.LoggerUtil - Response Time: 0 seconds
2026-05-26 20:32:40.173 [main] INFO  c.f.automation.utils.LoggerUtil - Response Code: 201
2026-05-26 20:32:40.175 [main] INFO  c.f.automation.utils.LoggerUtil - Response Body: {"id":21,"title":"Men's Jacket","price":120,"description":"Winter Jacket","image":"https://picsum.photos/id/2/200/300","category":"men's clothing"}
2026-05-26 20:32:40.177 [main] INFO  c.f.automation.utils.LoggerUtil - ✓ Status Code Validation PASSED: Response code 201 is a success code
2026-05-26 20:32:40.178 [main] INFO  c.f.automation.utils.LoggerUtil - ✓ Response Body Validation PASSED: Contains 'id' field
2026-05-26 20:32:40.179 [main] INFO  c.f.automation.utils.LoggerUtil - ✓ Response Body Validation PASSED: Contains 'title' field
2026-05-26 20:32:40.180 [main] INFO  c.f.automation.utils.LoggerUtil - ✓ Response Body Validation PASSED: Contains 'price' field
2026-05-26 20:32:40.180 [main] INFO  c.f.automation.utils.LoggerUtil - ✓ Response Structure Validation PASSED: Valid JSON format
2026-05-26 20:32:40.182 [main] INFO  c.f.automation.utils.LoggerUtil - ========== Test Completed: TC2 ==========
2026-05-26 20:32:40.183 [main] INFO  c.f.automation.utils.LoggerUtil - Test passed: testAddNewProduct
2026-05-26 20:32:40.188 [main] INFO  c.f.automation.utils.LoggerUtil - Test started: testAddNewProduct
2026-05-26 20:32:40.190 [main] INFO  c.f.automation.utils.LoggerUtil - ========== Test: Add New Product ==========
2026-05-26 20:32:40.190 [main] INFO  c.f.automation.utils.LoggerUtil - Test Data: {Description=Missing title validation, Category=electronics, TestCase=TC3, Price=50, ExpectedTitle=Empty Title Product, Title=Empty Title Product, Image=https://picsum.photos/id/3/200/300}
2026-05-26 20:32:40.190 [main] INFO  c.f.automation.utils.LoggerUtil - Executing Test Case: TC3
2026-05-26 20:32:40.190 [main] INFO  c.f.automation.utils.LoggerUtil - Product Payload: {image=https://picsum.photos/id/3/200/300, price=50.0, description=Missing title validation, title=Empty Title Product, category=electronics}
2026-05-26 20:32:40.190 [main] INFO  c.f.automation.utils.LoggerUtil - Creating new product
2026-05-26 20:32:40.191 [main] INFO  c.f.automation.utils.LoggerUtil - Sending HTTP Request --> POST https://fakestoreapi.com/products
2026-05-26 20:32:40.191 [main] DEBUG c.f.automation.utils.LoggerUtil - Request Payload: {
  "image" : "https://picsum.photos/id/3/200/300",
  "price" : 50.0,
  "description" : "Missing title validation",
  "title" : "Empty Title Product",
  "category" : "electronics"
}
2026-05-26 20:32:40.192 [main] DEBUG c.f.automation.utils.LoggerUtil - REST call timeout configured: 5 minutes
2026-05-26 20:32:40.192 [main] INFO  c.f.automation.utils.LoggerUtil - Headers: {Accept=application/json, Content-Type=application/json}
2026-05-26 20:32:40.952 [main] INFO  c.f.automation.utils.LoggerUtil - Response Code: 201
2026-05-26 20:32:40.953 [main] INFO  c.f.automation.utils.LoggerUtil - Response Time: 0 seconds
2026-05-26 20:32:40.954 [main] INFO  c.f.automation.utils.LoggerUtil - Response Code: 201
2026-05-26 20:32:40.954 [main] INFO  c.f.automation.utils.LoggerUtil - Response Body: {"id":21,"title":"Empty Title Product","price":50,"description":"Missing title validation","image":"https://picsum.photos/id/3/200/300","category":"electronics"}
2026-05-26 20:32:40.955 [main] INFO  c.f.automation.utils.LoggerUtil - ✓ Status Code Validation PASSED: Response code 201 is a success code
2026-05-26 20:32:40.956 [main] INFO  c.f.automation.utils.LoggerUtil - ✓ Response Body Validation PASSED: Contains 'id' field
2026-05-26 20:32:40.956 [main] INFO  c.f.automation.utils.LoggerUtil - ✓ Response Body Validation PASSED: Contains 'title' field
2026-05-26 20:32:40.957 [main] INFO  c.f.automation.utils.LoggerUtil - ✓ Response Body Validation PASSED: Contains 'price' field
2026-05-26 20:32:40.957 [main] INFO  c.f.automation.utils.LoggerUtil - ✓ Response Structure Validation PASSED: Valid JSON format
2026-05-26 20:32:40.958 [main] INFO  c.f.automation.utils.LoggerUtil - ========== Test Completed: TC3 ==========
2026-05-26 20:32:40.959 [main] INFO  c.f.automation.utils.LoggerUtil - Test passed: testAddNewProduct
2026-05-26 20:32:40.963 [main] INFO  c.f.automation.utils.LoggerUtil - Test started: testAddNewProduct
2026-05-26 20:32:40.964 [main] INFO  c.f.automation.utils.LoggerUtil - ========== Test: Add New Product ==========
2026-05-26 20:32:40.964 [main] INFO  c.f.automation.utils.LoggerUtil - Test Data: {Description=Negative price validation, Category=electronics, TestCase=TC4, Price=-10, ExpectedTitle=Invalid Price Product, Title=Invalid Price Product, Image=https://picsum.photos/id/4/200/300}
2026-05-26 20:32:40.964 [main] INFO  c.f.automation.utils.LoggerUtil - Executing Test Case: TC4
2026-05-26 20:32:40.964 [main] INFO  c.f.automation.utils.LoggerUtil - Product Payload: {image=https://picsum.photos/id/4/200/300, price=-10.0, description=Negative price validation, title=Invalid Price Product, category=electronics}
2026-05-26 20:32:40.964 [main] INFO  c.f.automation.utils.LoggerUtil - Creating new product
2026-05-26 20:32:40.965 [main] INFO  c.f.automation.utils.LoggerUtil - Sending HTTP Request --> POST https://fakestoreapi.com/products
2026-05-26 20:32:40.965 [main] DEBUG c.f.automation.utils.LoggerUtil - Request Payload: {
  "image" : "https://picsum.photos/id/4/200/300",
  "price" : -10.0,
  "description" : "Negative price validation",
  "title" : "Invalid Price Product",
  "category" : "electronics"
}
2026-05-26 20:32:40.965 [main] DEBUG c.f.automation.utils.LoggerUtil - REST call timeout configured: 5 minutes
2026-05-26 20:32:40.965 [main] INFO  c.f.automation.utils.LoggerUtil - Headers: {Accept=application/json, Content-Type=application/json}
2026-05-26 20:32:41.431 [main] INFO  c.f.automation.utils.LoggerUtil - Response Code: 201
2026-05-26 20:32:41.433 [main] INFO  c.f.automation.utils.LoggerUtil - Response Time: 0 seconds
2026-05-26 20:32:41.435 [main] INFO  c.f.automation.utils.LoggerUtil - Response Code: 201
2026-05-26 20:32:41.435 [main] INFO  c.f.automation.utils.LoggerUtil - Response Body: {"id":21,"title":"Invalid Price Product","price":-10,"description":"Negative price validation","image":"https://picsum.photos/id/4/200/300","category":"electronics"}
2026-05-26 20:32:41.437 [main] INFO  c.f.automation.utils.LoggerUtil - ✓ Status Code Validation PASSED: Response code 201 is a success code
2026-05-26 20:32:41.438 [main] INFO  c.f.automation.utils.LoggerUtil - ✓ Response Body Validation PASSED: Contains 'id' field
2026-05-26 20:32:41.439 [main] INFO  c.f.automation.utils.LoggerUtil - ✓ Response Body Validation PASSED: Contains 'title' field
2026-05-26 20:32:41.439 [main] INFO  c.f.automation.utils.LoggerUtil - ✓ Response Body Validation PASSED: Contains 'price' field
2026-05-26 20:32:41.439 [main] INFO  c.f.automation.utils.LoggerUtil - ✓ Response Structure Validation PASSED: Valid JSON format
2026-05-26 20:32:41.440 [main] INFO  c.f.automation.utils.LoggerUtil - ========== Test Completed: TC4 ==========
2026-05-26 20:32:41.440 [main] INFO  c.f.automation.utils.LoggerUtil - Test passed: testAddNewProduct
2026-05-26 20:32:41.446 [main] INFO  c.f.automation.utils.LoggerUtil - Test started: testAddNewProduct
2026-05-26 20:32:41.448 [main] INFO  c.f.automation.utils.LoggerUtil - ========== Test: Add New Product ==========
2026-05-26 20:32:41.448 [main] INFO  c.f.automation.utils.LoggerUtil - Test Data: {Description=Very long description for API payload validation testing, Category=jewelery, TestCase=TC5, Price=999, ExpectedTitle=Long Description Product, Title=Long Description Product, Image=https://picsum.photos/id/5/200/300}
2026-05-26 20:32:41.448 [main] INFO  c.f.automation.utils.LoggerUtil - Executing Test Case: TC5
2026-05-26 20:32:41.448 [main] INFO  c.f.automation.utils.LoggerUtil - Product Payload: {image=https://picsum.photos/id/5/200/300, price=999.0, description=Very long description for API payload validation testing, title=Long Description Product, category=jewelery}
2026-05-26 20:32:41.449 [main] INFO  c.f.automation.utils.LoggerUtil - Creating new product
2026-05-26 20:32:41.449 [main] INFO  c.f.automation.utils.LoggerUtil - Sending HTTP Request --> POST https://fakestoreapi.com/products
2026-05-26 20:32:41.449 [main] DEBUG c.f.automation.utils.LoggerUtil - Request Payload: {
  "image" : "https://picsum.photos/id/5/200/300",
  "price" : 999.0,
  "description" : "Very long description for API payload validation testing",
  "title" : "Long Description Product",
  "category" : "jewelery"
}
2026-05-26 20:32:41.449 [main] DEBUG c.f.automation.utils.LoggerUtil - REST call timeout configured: 5 minutes
2026-05-26 20:32:41.449 [main] INFO  c.f.automation.utils.LoggerUtil - Headers: {Accept=application/json, Content-Type=application/json}
2026-05-26 20:32:42.423 [main] INFO  c.f.automation.utils.LoggerUtil - Response Code: 201
2026-05-26 20:32:42.425 [main] INFO  c.f.automation.utils.LoggerUtil - Response Time: 0 seconds
2026-05-26 20:32:42.426 [main] INFO  c.f.automation.utils.LoggerUtil - Response Code: 201
2026-05-26 20:32:42.427 [main] INFO  c.f.automation.utils.LoggerUtil - Response Body: {"id":21,"title":"Long Description Product","price":999,"description":"Very long description for API payload validation testing","image":"https://picsum.photos/id/5/200/300","category":"jewelery"}
2026-05-26 20:32:42.430 [main] INFO  c.f.automation.utils.LoggerUtil - ✓ Status Code Validation PASSED: Response code 201 is a success code
2026-05-26 20:32:42.431 [main] INFO  c.f.automation.utils.LoggerUtil - ✓ Response Body Validation PASSED: Contains 'id' field
2026-05-26 20:32:42.431 [main] INFO  c.f.automation.utils.LoggerUtil - ✓ Response Body Validation PASSED: Contains 'title' field
2026-05-26 20:32:42.431 [main] INFO  c.f.automation.utils.LoggerUtil - ✓ Response Body Validation PASSED: Contains 'price' field
2026-05-26 20:32:42.431 [main] INFO  c.f.automation.utils.LoggerUtil - ✓ Response Structure Validation PASSED: Valid JSON format
2026-05-26 20:32:42.431 [main] INFO  c.f.automation.utils.LoggerUtil - ========== Test Completed: TC5 ==========
2026-05-26 20:32:42.433 [main] INFO  c.f.automation.utils.LoggerUtil - Test passed: testAddNewProduct
2026-05-26 20:32:42.440 [main] INFO  c.f.automation.utils.LoggerUtil - Tearing down ProductTests...
2026-05-26 20:32:42.441 [main] INFO  c.f.automation.utils.LoggerUtil - ProductTests teardown completed
2026-05-26 20:32:42.444 [main] INFO  c.f.automation.utils.LoggerUtil - Test Suite finished: Product_AddNewProduct
2026-05-26 20:32:42.776 [main] INFO  c.f.automation.utils.LoggerUtil - Extent Report flushed successfully
2026-05-26 21:20:41.004 [main] INFO  org.testng.internal.Utils - [TestNG] Running:
  C:\Users\mugn\Documents\NM\fakestoreapi\fakestore-automation\testng.xml

2026-05-26 21:20:41.028 [main] INFO  c.f.automation.utils.LoggerUtil - Test Suite started: Product_AddNewProduct
2026-05-26 21:20:41.059 [main] INFO  c.f.automation.utils.LoggerUtil - Configuration properties loaded successfully
2026-05-26 21:20:41.274 [main] INFO  c.f.automation.utils.LoggerUtil - Extent Report initialized at: test-output/ExtentReports/FakeStoreAPI_TestReport_2026-05-26_21-20-41.html
2026-05-26 21:20:41.299 [main] INFO  c.f.automation.utils.LoggerUtil - Setting up ProductTests...
2026-05-26 21:20:41.660 [main] INFO  c.f.automation.utils.LoggerUtil - ProductTests setup completed
2026-05-26 21:20:41.664 [main] INFO  c.f.automation.utils.LoggerUtil - Loading test data from: ./src/main/resources/testdata/combinedTestData.xlsx:AddNewProduct
2026-05-26 21:20:41.664 [main] INFO  c.f.automation.utils.LoggerUtil - Test data sets filter: ALL
2026-05-26 21:20:41.664 [main] INFO  c.f.automation.utils.LoggerUtil - Excel File: ./src/main/resources/testdata/combinedTestData.xlsx
2026-05-26 21:20:41.664 [main] INFO  c.f.automation.utils.LoggerUtil - Sheet Name: AddNewProduct
2026-05-26 21:20:42.424 [main] INFO  c.f.automation.utils.LoggerUtil - Excel file loaded: ./src/main/resources/testdata/combinedTestData.xlsx
2026-05-26 21:20:42.442 [main] INFO  c.f.automation.utils.LoggerUtil - Total test data rows loaded: 5
2026-05-26 21:20:42.442 [main] INFO  c.f.automation.utils.LoggerUtil - Excel workbook closed
2026-05-26 21:20:42.458 [main] INFO  c.f.automation.utils.LoggerUtil - Test started: testAddNewProduct
2026-05-26 21:20:42.469 [main] INFO  c.f.automation.utils.LoggerUtil - ========== Test: Add New Product ==========
2026-05-26 21:20:42.469 [main] INFO  c.f.automation.utils.LoggerUtil - Test Data: {Description=Automation Product Description, Category=electronics, TestCase=TC1, Price=99, ExpectedTitle=Test Product 1, Title=Test Product 1, Image=https://picsum.photos/id/1/200/300}
2026-05-26 21:20:42.469 [main] INFO  c.f.automation.utils.LoggerUtil - Executing Test Case: TC1
2026-05-26 21:20:42.470 [main] INFO  c.f.automation.utils.LoggerUtil - Product Payload: {image=https://picsum.photos/id/1/200/300, price=99.0, description=Automation Product Description, title=Test Product 1, category=electronics}
2026-05-26 21:20:42.470 [main] INFO  c.f.automation.utils.LoggerUtil - Creating new product
2026-05-26 21:20:42.682 [main] INFO  c.f.automation.utils.LoggerUtil - Sending HTTP Request --> POST https://fakestoreapi.com/products
2026-05-26 21:20:42.682 [main] DEBUG c.f.automation.utils.LoggerUtil - Request Payload: {
  "image" : "https://picsum.photos/id/1/200/300",
  "price" : 99.0,
  "description" : "Automation Product Description",
  "title" : "Test Product 1",
  "category" : "electronics"
}
2026-05-26 21:20:42.683 [main] DEBUG c.f.automation.utils.LoggerUtil - REST call timeout configured: 5 minutes
2026-05-26 21:20:42.683 [main] INFO  c.f.automation.utils.LoggerUtil - Headers: {Accept=application/json, Content-Type=application/json}
2026-05-26 21:20:44.586 [main] INFO  c.f.automation.utils.LoggerUtil - Response Code: 201
2026-05-26 21:20:44.587 [main] INFO  c.f.automation.utils.LoggerUtil - Response Time: 1 seconds
2026-05-26 21:20:44.588 [main] INFO  c.f.automation.utils.LoggerUtil - Response Code: 201
2026-05-26 21:20:44.589 [main] INFO  c.f.automation.utils.LoggerUtil - Response Body: {"id":21,"title":"Test Product 1","price":99,"description":"Automation Product Description","image":"https://picsum.photos/id/1/200/300","category":"electronics"}
2026-05-26 21:20:44.592 [main] INFO  c.f.automation.utils.LoggerUtil - ✓ Status Code Validation PASSED: Response code 201 is a success code
2026-05-26 21:20:44.592 [main] INFO  c.f.automation.utils.LoggerUtil - ✓ Response Body Validation PASSED: Contains 'id' field
2026-05-26 21:20:44.593 [main] INFO  c.f.automation.utils.LoggerUtil - ✓ Response Body Validation PASSED: Contains 'title' field
2026-05-26 21:20:44.593 [main] INFO  c.f.automation.utils.LoggerUtil - ✓ Response Body Validation PASSED: Contains 'price' field
2026-05-26 21:20:44.593 [main] INFO  c.f.automation.utils.LoggerUtil - ✓ Response Structure Validation PASSED: Valid JSON format
2026-05-26 21:20:44.593 [main] INFO  c.f.automation.utils.LoggerUtil - ========== Test Completed: TC1 ==========
2026-05-26 21:20:44.595 [main] INFO  c.f.automation.utils.LoggerUtil - Test passed: testAddNewProduct
2026-05-26 21:20:44.599 [main] INFO  c.f.automation.utils.LoggerUtil - Test started: testAddNewProduct
2026-05-26 21:20:44.600 [main] INFO  c.f.automation.utils.LoggerUtil - ========== Test: Add New Product ==========
2026-05-26 21:20:44.600 [main] INFO  c.f.automation.utils.LoggerUtil - Test Data: {Description=Winter Jacket, Category=men's clothing, TestCase=TC2, Price=120, ExpectedTitle=Men's Jacket, Title=Men's Jacket, Image=https://picsum.photos/id/2/200/300}
2026-05-26 21:20:44.600 [main] INFO  c.f.automation.utils.LoggerUtil - Executing Test Case: TC2
2026-05-26 21:20:44.600 [main] INFO  c.f.automation.utils.LoggerUtil - Product Payload: {image=https://picsum.photos/id/2/200/300, price=120.0, description=Winter Jacket, title=Men's Jacket, category=men's clothing}
2026-05-26 21:20:44.600 [main] INFO  c.f.automation.utils.LoggerUtil - Creating new product
2026-05-26 21:20:44.601 [main] INFO  c.f.automation.utils.LoggerUtil - Sending HTTP Request --> POST https://fakestoreapi.com/products
2026-05-26 21:20:44.601 [main] DEBUG c.f.automation.utils.LoggerUtil - Request Payload: {
  "image" : "https://picsum.photos/id/2/200/300",
  "price" : 120.0,
  "description" : "Winter Jacket",
  "title" : "Men's Jacket",
  "category" : "men's clothing"
}
2026-05-26 21:20:44.601 [main] DEBUG c.f.automation.utils.LoggerUtil - REST call timeout configured: 5 minutes
2026-05-26 21:20:44.601 [main] INFO  c.f.automation.utils.LoggerUtil - Headers: {Accept=application/json, Content-Type=application/json}
2026-05-26 21:20:45.680 [main] INFO  c.f.automation.utils.LoggerUtil - Response Code: 201
2026-05-26 21:20:45.681 [main] INFO  c.f.automation.utils.LoggerUtil - Response Time: 1 seconds
2026-05-26 21:20:45.684 [main] INFO  c.f.automation.utils.LoggerUtil - Response Code: 201
2026-05-26 21:20:45.684 [main] INFO  c.f.automation.utils.LoggerUtil - Response Body: {"id":21,"title":"Men's Jacket","price":120,"description":"Winter Jacket","image":"https://picsum.photos/id/2/200/300","category":"men's clothing"}
2026-05-26 21:20:45.687 [main] INFO  c.f.automation.utils.LoggerUtil - ✓ Status Code Validation PASSED: Response code 201 is a success code
2026-05-26 21:20:45.688 [main] INFO  c.f.automation.utils.LoggerUtil - ✓ Response Body Validation PASSED: Contains 'id' field
2026-05-26 21:20:45.689 [main] INFO  c.f.automation.utils.LoggerUtil - ✓ Response Body Validation PASSED: Contains 'title' field
2026-05-26 21:20:45.689 [main] INFO  c.f.automation.utils.LoggerUtil - ✓ Response Body Validation PASSED: Contains 'price' field
2026-05-26 21:20:45.690 [main] INFO  c.f.automation.utils.LoggerUtil - ✓ Response Structure Validation PASSED: Valid JSON format
2026-05-26 21:20:45.691 [main] INFO  c.f.automation.utils.LoggerUtil - ========== Test Completed: TC2 ==========
2026-05-26 21:20:45.692 [main] INFO  c.f.automation.utils.LoggerUtil - Test passed: testAddNewProduct
2026-05-26 21:20:45.696 [main] INFO  c.f.automation.utils.LoggerUtil - Test started: testAddNewProduct
2026-05-26 21:20:45.698 [main] INFO  c.f.automation.utils.LoggerUtil - ========== Test: Add New Product ==========
2026-05-26 21:20:45.698 [main] INFO  c.f.automation.utils.LoggerUtil - Test Data: {Description=Missing title validation, Category=electronics, TestCase=TC3, Price=50, ExpectedTitle=Empty Title Product, Title=Empty Title Product, Image=https://picsum.photos/id/3/200/300}
2026-05-26 21:20:45.698 [main] INFO  c.f.automation.utils.LoggerUtil - Executing Test Case: TC3
2026-05-26 21:20:45.698 [main] INFO  c.f.automation.utils.LoggerUtil - Product Payload: {image=https://picsum.photos/id/3/200/300, price=50.0, description=Missing title validation, title=Empty Title Product, category=electronics}
2026-05-26 21:20:45.698 [main] INFO  c.f.automation.utils.LoggerUtil - Creating new product
2026-05-26 21:20:45.699 [main] INFO  c.f.automation.utils.LoggerUtil - Sending HTTP Request --> POST https://fakestoreapi.com/products
2026-05-26 21:20:45.699 [main] DEBUG c.f.automation.utils.LoggerUtil - Request Payload: {
  "image" : "https://picsum.photos/id/3/200/300",
  "price" : 50.0,
  "description" : "Missing title validation",
  "title" : "Empty Title Product",
  "category" : "electronics"
}
2026-05-26 21:20:45.699 [main] DEBUG c.f.automation.utils.LoggerUtil - REST call timeout configured: 5 minutes
2026-05-26 21:20:45.699 [main] INFO  c.f.automation.utils.LoggerUtil - Headers: {Accept=application/json, Content-Type=application/json}
2026-05-26 21:20:46.749 [main] INFO  c.f.automation.utils.LoggerUtil - Response Code: 201
2026-05-26 21:20:46.749 [main] INFO  c.f.automation.utils.LoggerUtil - Response Time: 1 seconds
2026-05-26 21:20:46.751 [main] INFO  c.f.automation.utils.LoggerUtil - Response Code: 201
2026-05-26 21:20:46.751 [main] INFO  c.f.automation.utils.LoggerUtil - Response Body: {"id":21,"title":"Empty Title Product","price":50,"description":"Missing title validation","image":"https://picsum.photos/id/3/200/300","category":"electronics"}
2026-05-26 21:20:46.753 [main] INFO  c.f.automation.utils.LoggerUtil - ✓ Status Code Validation PASSED: Response code 201 is a success code
2026-05-26 21:20:46.754 [main] INFO  c.f.automation.utils.LoggerUtil - ✓ Response Body Validation PASSED: Contains 'id' field
2026-05-26 21:20:46.755 [main] INFO  c.f.automation.utils.LoggerUtil - ✓ Response Body Validation PASSED: Contains 'title' field
2026-05-26 21:20:46.757 [main] INFO  c.f.automation.utils.LoggerUtil - ✓ Response Body Validation PASSED: Contains 'price' field
2026-05-26 21:20:46.758 [main] INFO  c.f.automation.utils.LoggerUtil - ✓ Response Structure Validation PASSED: Valid JSON format
2026-05-26 21:20:46.758 [main] INFO  c.f.automation.utils.LoggerUtil - ========== Test Completed: TC3 ==========
2026-05-26 21:20:46.759 [main] INFO  c.f.automation.utils.LoggerUtil - Test passed: testAddNewProduct
2026-05-26 21:20:46.764 [main] INFO  c.f.automation.utils.LoggerUtil - Test started: testAddNewProduct
2026-05-26 21:20:46.765 [main] INFO  c.f.automation.utils.LoggerUtil - ========== Test: Add New Product ==========
2026-05-26 21:20:46.765 [main] INFO  c.f.automation.utils.LoggerUtil - Test Data: {Description=Negative price validation, Category=electronics, TestCase=TC4, Price=-10, ExpectedTitle=Invalid Price Product, Title=Invalid Price Product, Image=https://picsum.photos/id/4/200/300}
2026-05-26 21:20:46.765 [main] INFO  c.f.automation.utils.LoggerUtil - Executing Test Case: TC4
2026-05-26 21:20:46.766 [main] INFO  c.f.automation.utils.LoggerUtil - Product Payload: {image=https://picsum.photos/id/4/200/300, price=-10.0, description=Negative price validation, title=Invalid Price Product, category=electronics}
2026-05-26 21:20:46.766 [main] INFO  c.f.automation.utils.LoggerUtil - Creating new product
2026-05-26 21:20:46.766 [main] INFO  c.f.automation.utils.LoggerUtil - Sending HTTP Request --> POST https://fakestoreapi.com/products
2026-05-26 21:20:46.766 [main] DEBUG c.f.automation.utils.LoggerUtil - Request Payload: {
  "image" : "https://picsum.photos/id/4/200/300",
  "price" : -10.0,
  "description" : "Negative price validation",
  "title" : "Invalid Price Product",
  "category" : "electronics"
}
2026-05-26 21:20:46.767 [main] DEBUG c.f.automation.utils.LoggerUtil - REST call timeout configured: 5 minutes
2026-05-26 21:20:46.767 [main] INFO  c.f.automation.utils.LoggerUtil - Headers: {Accept=application/json, Content-Type=application/json}
2026-05-26 21:20:47.680 [main] INFO  c.f.automation.utils.LoggerUtil - Response Code: 201
2026-05-26 21:20:47.680 [main] INFO  c.f.automation.utils.LoggerUtil - Response Time: 0 seconds
2026-05-26 21:20:47.680 [main] INFO  c.f.automation.utils.LoggerUtil - Response Code: 201
2026-05-26 21:20:47.682 [main] INFO  c.f.automation.utils.LoggerUtil - Response Body: {"id":21,"title":"Invalid Price Product","price":-10,"description":"Negative price validation","image":"https://picsum.photos/id/4/200/300","category":"electronics"}
2026-05-26 21:20:47.682 [main] INFO  c.f.automation.utils.LoggerUtil - ✓ Status Code Validation PASSED: Response code 201 is a success code
2026-05-26 21:20:47.683 [main] INFO  c.f.automation.utils.LoggerUtil - ✓ Response Body Validation PASSED: Contains 'id' field
2026-05-26 21:20:47.683 [main] INFO  c.f.automation.utils.LoggerUtil - ✓ Response Body Validation PASSED: Contains 'title' field
2026-05-26 21:20:47.683 [main] INFO  c.f.automation.utils.LoggerUtil - ✓ Response Body Validation PASSED: Contains 'price' field
2026-05-26 21:20:47.683 [main] INFO  c.f.automation.utils.LoggerUtil - ✓ Response Structure Validation PASSED: Valid JSON format
2026-05-26 21:20:47.683 [main] INFO  c.f.automation.utils.LoggerUtil - ========== Test Completed: TC4 ==========
2026-05-26 21:20:47.683 [main] INFO  c.f.automation.utils.LoggerUtil - Test passed: testAddNewProduct
2026-05-26 21:20:47.686 [main] INFO  c.f.automation.utils.LoggerUtil - Test started: testAddNewProduct
2026-05-26 21:20:47.686 [main] INFO  c.f.automation.utils.LoggerUtil - ========== Test: Add New Product ==========
2026-05-26 21:20:47.686 [main] INFO  c.f.automation.utils.LoggerUtil - Test Data: {Description=Very long description for API payload validation testing, Category=jewelery, TestCase=TC5, Price=999, ExpectedTitle=Long Description Product, Title=Long Description Product, Image=https://picsum.photos/id/5/200/300}
2026-05-26 21:20:47.687 [main] INFO  c.f.automation.utils.LoggerUtil - Executing Test Case: TC5
2026-05-26 21:20:47.687 [main] INFO  c.f.automation.utils.LoggerUtil - Product Payload: {image=https://picsum.photos/id/5/200/300, price=999.0, description=Very long description for API payload validation testing, title=Long Description Product, category=jewelery}
2026-05-26 21:20:47.687 [main] INFO  c.f.automation.utils.LoggerUtil - Creating new product
2026-05-26 21:20:47.687 [main] INFO  c.f.automation.utils.LoggerUtil - Sending HTTP Request --> POST https://fakestoreapi.com/products
2026-05-26 21:20:47.687 [main] DEBUG c.f.automation.utils.LoggerUtil - Request Payload: {
  "image" : "https://picsum.photos/id/5/200/300",
  "price" : 999.0,
  "description" : "Very long description for API payload validation testing",
  "title" : "Long Description Product",
  "category" : "jewelery"
}
2026-05-26 21:20:47.687 [main] DEBUG c.f.automation.utils.LoggerUtil - REST call timeout configured: 5 minutes
2026-05-26 21:20:47.687 [main] INFO  c.f.automation.utils.LoggerUtil - Headers: {Accept=application/json, Content-Type=application/json}
2026-05-26 21:20:48.445 [main] INFO  c.f.automation.utils.LoggerUtil - Response Code: 201
2026-05-26 21:20:48.445 [main] INFO  c.f.automation.utils.LoggerUtil - Response Time: 0 seconds
2026-05-26 21:20:48.446 [main] INFO  c.f.automation.utils.LoggerUtil - Response Code: 201
2026-05-26 21:20:48.446 [main] INFO  c.f.automation.utils.LoggerUtil - Response Body: {"id":21,"title":"Long Description Product","price":999,"description":"Very long description for API payload validation testing","image":"https://picsum.photos/id/5/200/300","category":"jewelery"}
2026-05-26 21:20:48.446 [main] INFO  c.f.automation.utils.LoggerUtil - ✓ Status Code Validation PASSED: Response code 201 is a success code
2026-05-26 21:20:48.447 [main] INFO  c.f.automation.utils.LoggerUtil - ✓ Response Body Validation PASSED: Contains 'id' field
2026-05-26 21:20:48.447 [main] INFO  c.f.automation.utils.LoggerUtil - ✓ Response Body Validation PASSED: Contains 'title' field
2026-05-26 21:20:48.447 [main] INFO  c.f.automation.utils.LoggerUtil - ✓ Response Body Validation PASSED: Contains 'price' field
2026-05-26 21:20:48.447 [main] INFO  c.f.automation.utils.LoggerUtil - ✓ Response Structure Validation PASSED: Valid JSON format
2026-05-26 21:20:48.447 [main] INFO  c.f.automation.utils.LoggerUtil - ========== Test Completed: TC5 ==========
2026-05-26 21:20:48.447 [main] INFO  c.f.automation.utils.LoggerUtil - Test passed: testAddNewProduct
2026-05-26 21:20:48.450 [main] INFO  c.f.automation.utils.LoggerUtil - Tearing down ProductTests...
2026-05-26 21:20:48.451 [main] INFO  c.f.automation.utils.LoggerUtil - ProductTests teardown completed
2026-05-26 21:20:48.452 [main] INFO  c.f.automation.utils.LoggerUtil - Test Suite finished: Product_AddNewProduct
2026-05-26 21:20:48.776 [main] INFO  c.f.automation.utils.LoggerUtil - Extent Report flushed successfully
2026-05-26 21:20:48.820 [main] INFO  c.f.automation.utils.LoggerUtil - Test Suite started: Product_UpdateProduct
2026-05-26 21:20:48.821 [main] INFO  c.f.automation.utils.LoggerUtil - Setting up ProductTests...
2026-05-26 21:20:48.821 [main] INFO  c.f.automation.utils.LoggerUtil - ProductTests setup completed
2026-05-26 21:20:48.823 [main] INFO  c.f.automation.utils.LoggerUtil - Loading test data from: ./src/main/resources/testdata/combinedTestData.xlsx:UpdateProduct
2026-05-26 21:20:48.823 [main] INFO  c.f.automation.utils.LoggerUtil - Test data sets filter: ALL
2026-05-26 21:20:48.823 [main] INFO  c.f.automation.utils.LoggerUtil - Excel File: ./src/main/resources/testdata/combinedTestData.xlsx
2026-05-26 21:20:48.824 [main] INFO  c.f.automation.utils.LoggerUtil - Sheet Name: UpdateProduct
2026-05-26 21:20:48.916 [main] INFO  c.f.automation.utils.LoggerUtil - Excel file loaded: ./src/main/resources/testdata/combinedTestData.xlsx
2026-05-26 21:20:48.918 [main] INFO  c.f.automation.utils.LoggerUtil - Total test data rows loaded: 3
2026-05-26 21:20:48.918 [main] INFO  c.f.automation.utils.LoggerUtil - Excel workbook closed
2026-05-26 21:20:48.920 [main] INFO  c.f.automation.utils.LoggerUtil - Test started: testUpdateProduct
2026-05-26 21:20:48.921 [main] INFO  c.f.automation.utils.LoggerUtil - ========== Test: Update Product ==========
2026-05-26 21:20:48.921 [main] INFO  c.f.automation.utils.LoggerUtil - Test Data: {UpdatedDescription=Updated description, UpdatedImage=https://i.pravatar.cc, TestCase=TC1, UpdatedTitle=Updated Product 1, UpdatedPrice=199, ProductId=1, UpdatedCategory=electronics}
2026-05-26 21:20:48.922 [main] INFO  c.f.automation.utils.LoggerUtil - Executing Test Case: TC1
2026-05-26 21:20:48.922 [main] INFO  c.f.automation.utils.LoggerUtil - Updating Product ID: 1
2026-05-26 21:20:48.922 [main] INFO  c.f.automation.utils.LoggerUtil - Product Update Payload: {image=, price=0.0, description=, title=, category=}
2026-05-26 21:20:48.923 [main] INFO  c.f.automation.utils.LoggerUtil - Updating product with ID: 1
2026-05-26 21:20:48.923 [main] DEBUG c.f.automation.utils.LoggerUtil - URL after placeholder substitution: /products/1
2026-05-26 21:20:48.924 [main] INFO  c.f.automation.utils.LoggerUtil - Sending HTTP Request --> PUT https://fakestoreapi.com/products/1
2026-05-26 21:20:48.924 [main] DEBUG c.f.automation.utils.LoggerUtil - Request Payload: {
  "image" : "",
  "price" : 0.0,
  "description" : "",
  "title" : "",
  "category" : ""
}
2026-05-26 21:20:48.924 [main] DEBUG c.f.automation.utils.LoggerUtil - REST call timeout configured: 5 minutes
2026-05-26 21:20:48.924 [main] INFO  c.f.automation.utils.LoggerUtil - Headers: {Accept=application/json, Content-Type=application/json}
2026-05-26 21:20:49.646 [main] INFO  c.f.automation.utils.LoggerUtil - Response Code: 200
2026-05-26 21:20:49.647 [main] INFO  c.f.automation.utils.LoggerUtil - Response Time: 0 seconds
2026-05-26 21:20:49.647 [main] INFO  c.f.automation.utils.LoggerUtil - Response Code: 200
2026-05-26 21:20:49.647 [main] INFO  c.f.automation.utils.LoggerUtil - Response Body: {"id":1,"title":"","price":0,"description":"","image":"","category":""}
2026-05-26 21:20:49.648 [main] INFO  c.f.automation.utils.LoggerUtil - ✓ Status Code Validation PASSED: Response code 200 is a success code
2026-05-26 21:20:49.648 [main] INFO  c.f.automation.utils.LoggerUtil - ✓ Response Body Validation PASSED: Contains 'id' field
2026-05-26 21:20:49.648 [main] INFO  c.f.automation.utils.LoggerUtil - ✓ Response Body Validation PASSED: Contains 'price' field
2026-05-26 21:20:49.648 [main] INFO  c.f.automation.utils.LoggerUtil - ✓ Response Structure Validation PASSED: Valid JSON format
2026-05-26 21:20:49.648 [main] INFO  c.f.automation.utils.LoggerUtil - ✓ Product ID Validation PASSED: ID matches requested product (1)
2026-05-26 21:20:49.648 [main] INFO  c.f.automation.utils.LoggerUtil - ========== Test Completed: TC1 ==========
2026-05-26 21:20:49.649 [main] INFO  c.f.automation.utils.LoggerUtil - Test passed: testUpdateProduct
2026-05-26 21:20:49.651 [main] INFO  c.f.automation.utils.LoggerUtil - Test started: testUpdateProduct
2026-05-26 21:20:49.652 [main] INFO  c.f.automation.utils.LoggerUtil - ========== Test: Update Product ==========
2026-05-26 21:20:49.652 [main] INFO  c.f.automation.utils.LoggerUtil - Test Data: {UpdatedDescription=Updated winter jacket, UpdatedImage=https://i.pravatar.cc, TestCase=TC2, UpdatedTitle=Updated Jacket, UpdatedPrice=250, ProductId=2, UpdatedCategory=men's clothing}
2026-05-26 21:20:49.652 [main] INFO  c.f.automation.utils.LoggerUtil - Executing Test Case: TC2
2026-05-26 21:20:49.652 [main] INFO  c.f.automation.utils.LoggerUtil - Updating Product ID: 2
2026-05-26 21:20:49.652 [main] INFO  c.f.automation.utils.LoggerUtil - Product Update Payload: {image=, price=0.0, description=, title=, category=}
2026-05-26 21:20:49.652 [main] INFO  c.f.automation.utils.LoggerUtil - Updating product with ID: 2
2026-05-26 21:20:49.653 [main] DEBUG c.f.automation.utils.LoggerUtil - URL after placeholder substitution: /products/2
2026-05-26 21:20:49.653 [main] INFO  c.f.automation.utils.LoggerUtil - Sending HTTP Request --> PUT https://fakestoreapi.com/products/2
2026-05-26 21:20:49.653 [main] DEBUG c.f.automation.utils.LoggerUtil - Request Payload: {
  "image" : "",
  "price" : 0.0,
  "description" : "",
  "title" : "",
  "category" : ""
}
2026-05-26 21:20:49.653 [main] DEBUG c.f.automation.utils.LoggerUtil - REST call timeout configured: 5 minutes
2026-05-26 21:20:49.653 [main] INFO  c.f.automation.utils.LoggerUtil - Headers: {Accept=application/json, Content-Type=application/json}
2026-05-26 21:20:50.190 [main] INFO  c.f.automation.utils.LoggerUtil - Response Code: 200
2026-05-26 21:20:50.190 [main] INFO  c.f.automation.utils.LoggerUtil - Response Time: 0 seconds
2026-05-26 21:20:50.190 [main] INFO  c.f.automation.utils.LoggerUtil - Response Code: 200
2026-05-26 21:20:50.190 [main] INFO  c.f.automation.utils.LoggerUtil - Response Body: {"id":2,"title":"","price":0,"description":"","image":"","category":""}
2026-05-26 21:20:50.191 [main] INFO  c.f.automation.utils.LoggerUtil - ✓ Status Code Validation PASSED: Response code 200 is a success code
2026-05-26 21:20:50.191 [main] INFO  c.f.automation.utils.LoggerUtil - ✓ Response Body Validation PASSED: Contains 'id' field
2026-05-26 21:20:50.191 [main] INFO  c.f.automation.utils.LoggerUtil - ✓ Response Body Validation PASSED: Contains 'price' field
2026-05-26 21:20:50.191 [main] INFO  c.f.automation.utils.LoggerUtil - ✓ Response Structure Validation PASSED: Valid JSON format
2026-05-26 21:20:50.191 [main] INFO  c.f.automation.utils.LoggerUtil - ✓ Product ID Validation PASSED: ID matches requested product (2)
2026-05-26 21:20:50.191 [main] INFO  c.f.automation.utils.LoggerUtil - ========== Test Completed: TC2 ==========
2026-05-26 21:20:50.191 [main] INFO  c.f.automation.utils.LoggerUtil - Test passed: testUpdateProduct
2026-05-26 21:20:50.194 [main] INFO  c.f.automation.utils.LoggerUtil - Test started: testUpdateProduct
2026-05-26 21:20:50.194 [main] INFO  c.f.automation.utils.LoggerUtil - ========== Test: Update Product ==========
2026-05-26 21:20:50.194 [main] INFO  c.f.automation.utils.LoggerUtil - Test Data: {UpdatedDescription=Zero price validation, UpdatedImage=https://i.pravatar.cc, TestCase=TC3, UpdatedTitle=Updated Jewelery, UpdatedPrice=0, ProductId=3, UpdatedCategory=jewelery}
2026-05-26 21:20:50.194 [main] INFO  c.f.automation.utils.LoggerUtil - Executing Test Case: TC3
2026-05-26 21:20:50.195 [main] INFO  c.f.automation.utils.LoggerUtil - Updating Product ID: 3
2026-05-26 21:20:50.195 [main] INFO  c.f.automation.utils.LoggerUtil - Product Update Payload: {image=, price=0.0, description=, title=, category=}
2026-05-26 21:20:50.195 [main] INFO  c.f.automation.utils.LoggerUtil - Updating product with ID: 3
2026-05-26 21:20:50.195 [main] DEBUG c.f.automation.utils.LoggerUtil - URL after placeholder substitution: /products/3
2026-05-26 21:20:50.195 [main] INFO  c.f.automation.utils.LoggerUtil - Sending HTTP Request --> PUT https://fakestoreapi.com/products/3
2026-05-26 21:20:50.195 [main] DEBUG c.f.automation.utils.LoggerUtil - Request Payload: {
  "image" : "",
  "price" : 0.0,
  "description" : "",
  "title" : "",
  "category" : ""
}
2026-05-26 21:20:50.195 [main] DEBUG c.f.automation.utils.LoggerUtil - REST call timeout configured: 5 minutes
2026-05-26 21:20:50.195 [main] INFO  c.f.automation.utils.LoggerUtil - Headers: {Accept=application/json, Content-Type=application/json}
2026-05-26 21:20:50.670 [main] INFO  c.f.automation.utils.LoggerUtil - Response Code: 200
2026-05-26 21:20:50.670 [main] INFO  c.f.automation.utils.LoggerUtil - Response Time: 0 seconds
2026-05-26 21:20:50.671 [main] INFO  c.f.automation.utils.LoggerUtil - Response Code: 200
2026-05-26 21:20:50.671 [main] INFO  c.f.automation.utils.LoggerUtil - Response Body: {"id":3,"title":"","price":0,"description":"","image":"","category":""}
2026-05-26 21:20:50.671 [main] INFO  c.f.automation.utils.LoggerUtil - ✓ Status Code Validation PASSED: Response code 200 is a success code
2026-05-26 21:20:50.671 [main] INFO  c.f.automation.utils.LoggerUtil - ✓ Response Body Validation PASSED: Contains 'id' field
2026-05-26 21:20:50.671 [main] INFO  c.f.automation.utils.LoggerUtil - ✓ Response Body Validation PASSED: Contains 'price' field
2026-05-26 21:20:50.673 [main] INFO  c.f.automation.utils.LoggerUtil - ✓ Response Structure Validation PASSED: Valid JSON format
2026-05-26 21:20:50.673 [main] INFO  c.f.automation.utils.LoggerUtil - ✓ Product ID Validation PASSED: ID matches requested product (3)
2026-05-26 21:20:50.673 [main] INFO  c.f.automation.utils.LoggerUtil - ========== Test Completed: TC3 ==========
2026-05-26 21:20:50.673 [main] INFO  c.f.automation.utils.LoggerUtil - Test passed: testUpdateProduct
2026-05-26 21:20:50.675 [main] INFO  c.f.automation.utils.LoggerUtil - Tearing down ProductTests...
2026-05-26 21:20:50.675 [main] INFO  c.f.automation.utils.LoggerUtil - ProductTests teardown completed
2026-05-26 21:20:50.675 [main] INFO  c.f.automation.utils.LoggerUtil - Test Suite finished: Product_UpdateProduct
2026-05-26 21:20:50.700 [main] INFO  c.f.automation.utils.LoggerUtil - Extent Report flushed successfully
2026-05-26 21:25:18.047 [main] INFO  org.testng.internal.Utils - [TestNG] Running:
  C:\Users\mugn\Documents\NM\fakestoreapi\fakestore-automation\testng.xml

2026-05-26 21:25:18.068 [main] INFO  c.f.automation.utils.LoggerUtil - Test Suite started: Product_AddNewProduct
2026-05-26 21:25:18.071 [main] INFO  c.f.automation.utils.LoggerUtil - Configuration properties loaded successfully
2026-05-26 21:25:18.281 [main] INFO  c.f.automation.utils.LoggerUtil - Extent Report initialized at: test-output/ExtentReports/FakeStoreAPI_TestReport_2026-05-26_21-25-18.html
2026-05-26 21:25:18.307 [main] INFO  c.f.automation.utils.LoggerUtil - Setting up ProductTests...
2026-05-26 21:25:18.785 [main] INFO  c.f.automation.utils.LoggerUtil - ProductTests setup completed
2026-05-26 21:25:18.790 [main] INFO  c.f.automation.utils.LoggerUtil - Loading test data from: ./src/main/resources/testdata/combinedTestData.xlsx:AddNewProduct
2026-05-26 21:25:18.790 [main] INFO  c.f.automation.utils.LoggerUtil - Test data sets filter: ALL
2026-05-26 21:25:18.790 [main] INFO  c.f.automation.utils.LoggerUtil - Excel File: ./src/main/resources/testdata/combinedTestData.xlsx
2026-05-26 21:25:18.791 [main] INFO  c.f.automation.utils.LoggerUtil - Sheet Name: AddNewProduct
2026-05-26 21:25:19.994 [main] INFO  c.f.automation.utils.LoggerUtil - Excel file loaded: ./src/main/resources/testdata/combinedTestData.xlsx
2026-05-26 21:25:20.030 [main] INFO  c.f.automation.utils.LoggerUtil - Total test data rows loaded: 5
2026-05-26 21:25:20.031 [main] INFO  c.f.automation.utils.LoggerUtil - Excel workbook closed
2026-05-26 21:25:20.058 [main] INFO  c.f.automation.utils.LoggerUtil - Test started: testAddNewProduct
2026-05-26 21:25:20.078 [main] INFO  c.f.automation.utils.LoggerUtil - ========== Test: Add New Product ==========
2026-05-26 21:25:20.079 [main] INFO  c.f.automation.utils.LoggerUtil - Test Data: {Description=Automation Product Description, Category=electronics, TestCase=TC1, Price=99, ExpectedTitle=Test Product 1, Title=Test Product 1, Image=https://picsum.photos/id/1/200/300}
2026-05-26 21:25:20.079 [main] INFO  c.f.automation.utils.LoggerUtil - Executing Test Case: TC1
2026-05-26 21:25:20.080 [main] INFO  c.f.automation.utils.LoggerUtil - Product Payload: {image=https://picsum.photos/id/1/200/300, price=99.0, description=Automation Product Description, title=Test Product 1, category=electronics}
2026-05-26 21:25:20.080 [main] INFO  c.f.automation.utils.LoggerUtil - Creating new product
2026-05-26 21:25:20.446 [main] INFO  c.f.automation.utils.LoggerUtil - Sending HTTP Request --> POST https://fakestoreapi.com/products
2026-05-26 21:25:20.446 [main] DEBUG c.f.automation.utils.LoggerUtil - Request Payload: {
  "image" : "https://picsum.photos/id/1/200/300",
  "price" : 99.0,
  "description" : "Automation Product Description",
  "title" : "Test Product 1",
  "category" : "electronics"
}
2026-05-26 21:25:20.446 [main] DEBUG c.f.automation.utils.LoggerUtil - REST call timeout configured: 5 minutes
2026-05-26 21:25:20.446 [main] INFO  c.f.automation.utils.LoggerUtil - Headers: {Accept=application/json, Content-Type=application/json}
2026-05-26 21:25:23.506 [main] INFO  c.f.automation.utils.LoggerUtil - Response Code: 201
2026-05-26 21:25:23.508 [main] INFO  c.f.automation.utils.LoggerUtil - Response Time: 3 seconds
2026-05-26 21:25:23.510 [main] INFO  c.f.automation.utils.LoggerUtil - Response Code: 201
2026-05-26 21:25:23.510 [main] INFO  c.f.automation.utils.LoggerUtil - Response Body: {"id":21,"title":"Test Product 1","price":99,"description":"Automation Product Description","image":"https://picsum.photos/id/1/200/300","category":"electronics"}
2026-05-26 21:25:23.517 [main] INFO  c.f.automation.utils.LoggerUtil - ✓ Status Code Validation PASSED: Response code 201 is a success code
2026-05-26 21:25:23.518 [main] INFO  c.f.automation.utils.LoggerUtil - ✓ Response Body Validation PASSED: Contains 'id' field
2026-05-26 21:25:23.518 [main] INFO  c.f.automation.utils.LoggerUtil - ✓ Response Body Validation PASSED: Contains 'title' field
2026-05-26 21:25:23.519 [main] INFO  c.f.automation.utils.LoggerUtil - ✓ Response Body Validation PASSED: Contains 'price' field
2026-05-26 21:25:23.519 [main] INFO  c.f.automation.utils.LoggerUtil - ✓ Response Structure Validation PASSED: Valid JSON format
2026-05-26 21:25:23.519 [main] INFO  c.f.automation.utils.LoggerUtil - ========== Test Completed: TC1 ==========
2026-05-26 21:25:23.523 [main] INFO  c.f.automation.utils.LoggerUtil - Test passed: testAddNewProduct
2026-05-26 21:25:23.532 [main] INFO  c.f.automation.utils.LoggerUtil - Test started: testAddNewProduct
2026-05-26 21:25:23.533 [main] INFO  c.f.automation.utils.LoggerUtil - ========== Test: Add New Product ==========
2026-05-26 21:25:23.534 [main] INFO  c.f.automation.utils.LoggerUtil - Test Data: {Description=Winter Jacket, Category=men's clothing, TestCase=TC2, Price=120, ExpectedTitle=Men's Jacket, Title=Men's Jacket, Image=https://picsum.photos/id/2/200/300}
2026-05-26 21:25:23.534 [main] INFO  c.f.automation.utils.LoggerUtil - Executing Test Case: TC2
2026-05-26 21:25:23.534 [main] INFO  c.f.automation.utils.LoggerUtil - Product Payload: {image=https://picsum.photos/id/2/200/300, price=120.0, description=Winter Jacket, title=Men's Jacket, category=men's clothing}
2026-05-26 21:25:23.534 [main] INFO  c.f.automation.utils.LoggerUtil - Creating new product
2026-05-26 21:25:23.535 [main] INFO  c.f.automation.utils.LoggerUtil - Sending HTTP Request --> POST https://fakestoreapi.com/products
2026-05-26 21:25:23.535 [main] DEBUG c.f.automation.utils.LoggerUtil - Request Payload: {
  "image" : "https://picsum.photos/id/2/200/300",
  "price" : 120.0,
  "description" : "Winter Jacket",
  "title" : "Men's Jacket",
  "category" : "men's clothing"
}
2026-05-26 21:25:23.536 [main] DEBUG c.f.automation.utils.LoggerUtil - REST call timeout configured: 5 minutes
2026-05-26 21:25:23.536 [main] INFO  c.f.automation.utils.LoggerUtil - Headers: {Accept=application/json, Content-Type=application/json}
2026-05-26 21:25:24.160 [main] INFO  c.f.automation.utils.LoggerUtil - Response Code: 201
2026-05-26 21:25:24.161 [main] INFO  c.f.automation.utils.LoggerUtil - Response Time: 0 seconds
2026-05-26 21:25:24.163 [main] INFO  c.f.automation.utils.LoggerUtil - Response Code: 201
2026-05-26 21:25:24.164 [main] INFO  c.f.automation.utils.LoggerUtil - Response Body: {"id":21,"title":"Men's Jacket","price":120,"description":"Winter Jacket","image":"https://picsum.photos/id/2/200/300","category":"men's clothing"}
2026-05-26 21:25:24.168 [main] INFO  c.f.automation.utils.LoggerUtil - ✓ Status Code Validation PASSED: Response code 201 is a success code
2026-05-26 21:25:24.169 [main] INFO  c.f.automation.utils.LoggerUtil - ✓ Response Body Validation PASSED: Contains 'id' field
2026-05-26 21:25:24.170 [main] INFO  c.f.automation.utils.LoggerUtil - ✓ Response Body Validation PASSED: Contains 'title' field
2026-05-26 21:25:24.170 [main] INFO  c.f.automation.utils.LoggerUtil - ✓ Response Body Validation PASSED: Contains 'price' field
2026-05-26 21:25:24.171 [main] INFO  c.f.automation.utils.LoggerUtil - ✓ Response Structure Validation PASSED: Valid JSON format
2026-05-26 21:25:24.171 [main] INFO  c.f.automation.utils.LoggerUtil - ========== Test Completed: TC2 ==========
2026-05-26 21:25:24.172 [main] INFO  c.f.automation.utils.LoggerUtil - Test passed: testAddNewProduct
2026-05-26 21:25:24.177 [main] INFO  c.f.automation.utils.LoggerUtil - Test started: testAddNewProduct
2026-05-26 21:25:24.178 [main] INFO  c.f.automation.utils.LoggerUtil - ========== Test: Add New Product ==========
2026-05-26 21:25:24.180 [main] INFO  c.f.automation.utils.LoggerUtil - Test Data: {Description=Missing title validation, Category=electronics, TestCase=TC3, Price=50, ExpectedTitle=Empty Title Product, Title=Empty Title Product, Image=https://picsum.photos/id/3/200/300}
2026-05-26 21:25:24.180 [main] INFO  c.f.automation.utils.LoggerUtil - Executing Test Case: TC3
2026-05-26 21:25:24.180 [main] INFO  c.f.automation.utils.LoggerUtil - Product Payload: {image=https://picsum.photos/id/3/200/300, price=50.0, description=Missing title validation, title=Empty Title Product, category=electronics}
2026-05-26 21:25:24.180 [main] INFO  c.f.automation.utils.LoggerUtil - Creating new product
2026-05-26 21:25:24.180 [main] INFO  c.f.automation.utils.LoggerUtil - Sending HTTP Request --> POST https://fakestoreapi.com/products
2026-05-26 21:25:24.180 [main] DEBUG c.f.automation.utils.LoggerUtil - Request Payload: {
  "image" : "https://picsum.photos/id/3/200/300",
  "price" : 50.0,
  "description" : "Missing title validation",
  "title" : "Empty Title Product",
  "category" : "electronics"
}
2026-05-26 21:25:24.180 [main] DEBUG c.f.automation.utils.LoggerUtil - REST call timeout configured: 5 minutes
2026-05-26 21:25:24.181 [main] INFO  c.f.automation.utils.LoggerUtil - Headers: {Accept=application/json, Content-Type=application/json}
2026-05-26 21:25:25.009 [main] INFO  c.f.automation.utils.LoggerUtil - Response Code: 201
2026-05-26 21:25:25.009 [main] INFO  c.f.automation.utils.LoggerUtil - Response Time: 0 seconds
2026-05-26 21:25:25.011 [main] INFO  c.f.automation.utils.LoggerUtil - Response Code: 201
2026-05-26 21:25:25.012 [main] INFO  c.f.automation.utils.LoggerUtil - Response Body: {"id":21,"title":"Empty Title Product","price":50,"description":"Missing title validation","image":"https://picsum.photos/id/3/200/300","category":"electronics"}
2026-05-26 21:25:25.015 [main] INFO  c.f.automation.utils.LoggerUtil - ✓ Status Code Validation PASSED: Response code 201 is a success code
2026-05-26 21:25:25.016 [main] INFO  c.f.automation.utils.LoggerUtil - ✓ Response Body Validation PASSED: Contains 'id' field
2026-05-26 21:25:25.017 [main] INFO  c.f.automation.utils.LoggerUtil - ✓ Response Body Validation PASSED: Contains 'title' field
2026-05-26 21:25:25.018 [main] INFO  c.f.automation.utils.LoggerUtil - ✓ Response Body Validation PASSED: Contains 'price' field
2026-05-26 21:25:25.019 [main] INFO  c.f.automation.utils.LoggerUtil - ✓ Response Structure Validation PASSED: Valid JSON format
2026-05-26 21:25:25.020 [main] INFO  c.f.automation.utils.LoggerUtil - ========== Test Completed: TC3 ==========
2026-05-26 21:25:25.022 [main] INFO  c.f.automation.utils.LoggerUtil - Test passed: testAddNewProduct
2026-05-26 21:25:25.029 [main] INFO  c.f.automation.utils.LoggerUtil - Test started: testAddNewProduct
2026-05-26 21:25:25.030 [main] INFO  c.f.automation.utils.LoggerUtil - ========== Test: Add New Product ==========
2026-05-26 21:25:25.030 [main] INFO  c.f.automation.utils.LoggerUtil - Test Data: {Description=Negative price validation, Category=electronics, TestCase=TC4, Price=-10, ExpectedTitle=Invalid Price Product, Title=Invalid Price Product, Image=https://picsum.photos/id/4/200/300}
2026-05-26 21:25:25.030 [main] INFO  c.f.automation.utils.LoggerUtil - Executing Test Case: TC4
2026-05-26 21:25:25.030 [main] INFO  c.f.automation.utils.LoggerUtil - Product Payload: {image=https://picsum.photos/id/4/200/300, price=-10.0, description=Negative price validation, title=Invalid Price Product, category=electronics}
2026-05-26 21:25:25.031 [main] INFO  c.f.automation.utils.LoggerUtil - Creating new product
2026-05-26 21:25:25.031 [main] INFO  c.f.automation.utils.LoggerUtil - Sending HTTP Request --> POST https://fakestoreapi.com/products
2026-05-26 21:25:25.031 [main] DEBUG c.f.automation.utils.LoggerUtil - Request Payload: {
  "image" : "https://picsum.photos/id/4/200/300",
  "price" : -10.0,
  "description" : "Negative price validation",
  "title" : "Invalid Price Product",
  "category" : "electronics"
}
2026-05-26 21:25:25.031 [main] DEBUG c.f.automation.utils.LoggerUtil - REST call timeout configured: 5 minutes
2026-05-26 21:25:25.032 [main] INFO  c.f.automation.utils.LoggerUtil - Headers: {Accept=application/json, Content-Type=application/json}
2026-05-26 21:25:25.686 [main] INFO  c.f.automation.utils.LoggerUtil - Response Code: 201
2026-05-26 21:25:25.687 [main] INFO  c.f.automation.utils.LoggerUtil - Response Time: 0 seconds
2026-05-26 21:25:25.689 [main] INFO  c.f.automation.utils.LoggerUtil - Response Code: 201
2026-05-26 21:25:25.690 [main] INFO  c.f.automation.utils.LoggerUtil - Response Body: {"id":21,"title":"Invalid Price Product","price":-10,"description":"Negative price validation","image":"https://picsum.photos/id/4/200/300","category":"electronics"}
2026-05-26 21:25:25.692 [main] INFO  c.f.automation.utils.LoggerUtil - ✓ Status Code Validation PASSED: Response code 201 is a success code
2026-05-26 21:25:25.693 [main] INFO  c.f.automation.utils.LoggerUtil - ✓ Response Body Validation PASSED: Contains 'id' field
2026-05-26 21:25:25.694 [main] INFO  c.f.automation.utils.LoggerUtil - ✓ Response Body Validation PASSED: Contains 'title' field
2026-05-26 21:25:25.694 [main] INFO  c.f.automation.utils.LoggerUtil - ✓ Response Body Validation PASSED: Contains 'price' field
2026-05-26 21:25:25.695 [main] INFO  c.f.automation.utils.LoggerUtil - ✓ Response Structure Validation PASSED: Valid JSON format
2026-05-26 21:25:25.695 [main] INFO  c.f.automation.utils.LoggerUtil - ========== Test Completed: TC4 ==========
2026-05-26 21:25:25.697 [main] INFO  c.f.automation.utils.LoggerUtil - Test passed: testAddNewProduct
2026-05-26 21:25:25.702 [main] INFO  c.f.automation.utils.LoggerUtil - Test started: testAddNewProduct
2026-05-26 21:25:25.703 [main] INFO  c.f.automation.utils.LoggerUtil - ========== Test: Add New Product ==========
2026-05-26 21:25:25.703 [main] INFO  c.f.automation.utils.LoggerUtil - Test Data: {Description=Very long description for API payload validation testing, Category=jewelery, TestCase=TC5, Price=999, ExpectedTitle=Long Description Product, Title=Long Description Product, Image=https://picsum.photos/id/5/200/300}
2026-05-26 21:25:25.703 [main] INFO  c.f.automation.utils.LoggerUtil - Executing Test Case: TC5
2026-05-26 21:25:25.703 [main] INFO  c.f.automation.utils.LoggerUtil - Product Payload: {image=https://picsum.photos/id/5/200/300, price=999.0, description=Very long description for API payload validation testing, title=Long Description Product, category=jewelery}
2026-05-26 21:25:25.703 [main] INFO  c.f.automation.utils.LoggerUtil - Creating new product
2026-05-26 21:25:25.704 [main] INFO  c.f.automation.utils.LoggerUtil - Sending HTTP Request --> POST https://fakestoreapi.com/products
2026-05-26 21:25:25.704 [main] DEBUG c.f.automation.utils.LoggerUtil - Request Payload: {
  "image" : "https://picsum.photos/id/5/200/300",
  "price" : 999.0,
  "description" : "Very long description for API payload validation testing",
  "title" : "Long Description Product",
  "category" : "jewelery"
}
2026-05-26 21:25:25.704 [main] DEBUG c.f.automation.utils.LoggerUtil - REST call timeout configured: 5 minutes
2026-05-26 21:25:25.704 [main] INFO  c.f.automation.utils.LoggerUtil - Headers: {Accept=application/json, Content-Type=application/json}
2026-05-26 21:25:26.950 [main] INFO  c.f.automation.utils.LoggerUtil - Response Code: 201
2026-05-26 21:25:26.951 [main] INFO  c.f.automation.utils.LoggerUtil - Response Time: 1 seconds
2026-05-26 21:25:26.953 [main] INFO  c.f.automation.utils.LoggerUtil - Response Code: 201
2026-05-26 21:25:26.953 [main] INFO  c.f.automation.utils.LoggerUtil - Response Body: {"id":21,"title":"Long Description Product","price":999,"description":"Very long description for API payload validation testing","image":"https://picsum.photos/id/5/200/300","category":"jewelery"}
2026-05-26 21:25:26.955 [main] INFO  c.f.automation.utils.LoggerUtil - ✓ Status Code Validation PASSED: Response code 201 is a success code
2026-05-26 21:25:26.956 [main] INFO  c.f.automation.utils.LoggerUtil - ✓ Response Body Validation PASSED: Contains 'id' field
2026-05-26 21:25:26.956 [main] INFO  c.f.automation.utils.LoggerUtil - ✓ Response Body Validation PASSED: Contains 'title' field
2026-05-26 21:25:26.957 [main] INFO  c.f.automation.utils.LoggerUtil - ✓ Response Body Validation PASSED: Contains 'price' field
2026-05-26 21:25:26.958 [main] INFO  c.f.automation.utils.LoggerUtil - ✓ Response Structure Validation PASSED: Valid JSON format
2026-05-26 21:25:26.959 [main] INFO  c.f.automation.utils.LoggerUtil - ========== Test Completed: TC5 ==========
2026-05-26 21:25:26.960 [main] INFO  c.f.automation.utils.LoggerUtil - Test passed: testAddNewProduct
2026-05-26 21:25:26.966 [main] INFO  c.f.automation.utils.LoggerUtil - Tearing down ProductTests...
2026-05-26 21:25:26.968 [main] INFO  c.f.automation.utils.LoggerUtil - ProductTests teardown completed
2026-05-26 21:25:26.971 [main] INFO  c.f.automation.utils.LoggerUtil - Test Suite finished: Product_AddNewProduct
2026-05-26 21:25:27.274 [main] INFO  c.f.automation.utils.LoggerUtil - Extent Report flushed successfully
2026-05-26 21:25:27.319 [main] INFO  c.f.automation.utils.LoggerUtil - Test Suite started: Product_UpdateProduct
2026-05-26 21:25:27.320 [main] INFO  c.f.automation.utils.LoggerUtil - Setting up ProductTests...
2026-05-26 21:25:27.321 [main] INFO  c.f.automation.utils.LoggerUtil - ProductTests setup completed
2026-05-26 21:25:27.321 [main] INFO  c.f.automation.utils.LoggerUtil - Loading test data from: ./src/main/resources/testdata/combinedTestData.xlsx:UpdateProduct
2026-05-26 21:25:27.322 [main] INFO  c.f.automation.utils.LoggerUtil - Test data sets filter: ALL
2026-05-26 21:25:27.322 [main] INFO  c.f.automation.utils.LoggerUtil - Excel File: ./src/main/resources/testdata/combinedTestData.xlsx
2026-05-26 21:25:27.322 [main] INFO  c.f.automation.utils.LoggerUtil - Sheet Name: UpdateProduct
2026-05-26 21:25:27.396 [main] INFO  c.f.automation.utils.LoggerUtil - Excel file loaded: ./src/main/resources/testdata/combinedTestData.xlsx
2026-05-26 21:25:27.398 [main] INFO  c.f.automation.utils.LoggerUtil - Total test data rows loaded: 3
2026-05-26 21:25:27.398 [main] INFO  c.f.automation.utils.LoggerUtil - Excel workbook closed
2026-05-26 21:25:27.399 [main] INFO  c.f.automation.utils.LoggerUtil - Test started: testUpdateProduct
2026-05-26 21:25:27.400 [main] INFO  c.f.automation.utils.LoggerUtil - ========== Test: Update Product ==========
2026-05-26 21:25:27.401 [main] INFO  c.f.automation.utils.LoggerUtil - Test Data: {UpdatedDescription=Updated description, UpdatedImage=https://i.pravatar.cc, TestCase=TC1, UpdatedTitle=Updated Product 1, UpdatedPrice=199, ProductId=1, UpdatedCategory=electronics}
2026-05-26 21:25:27.401 [main] INFO  c.f.automation.utils.LoggerUtil - Executing Test Case: TC1
2026-05-26 21:25:27.402 [main] INFO  c.f.automation.utils.LoggerUtil - Updating Product ID: 1
2026-05-26 21:25:27.402 [main] INFO  c.f.automation.utils.LoggerUtil - Product Update Payload: {image=https://i.pravatar.cc, price=199.0, description=Updated description, title=Updated Product 1, category=electronics}
2026-05-26 21:25:27.402 [main] INFO  c.f.automation.utils.LoggerUtil - ✓ Payload Data Validation PASSED: All required fields have values
2026-05-26 21:25:27.402 [main] INFO  c.f.automation.utils.LoggerUtil - Updating product with ID: 1
2026-05-26 21:25:27.403 [main] DEBUG c.f.automation.utils.LoggerUtil - URL after placeholder substitution: /products/1
2026-05-26 21:25:27.403 [main] INFO  c.f.automation.utils.LoggerUtil - Sending HTTP Request --> PUT https://fakestoreapi.com/products/1
2026-05-26 21:25:27.403 [main] DEBUG c.f.automation.utils.LoggerUtil - Request Payload: {
  "image" : "https://i.pravatar.cc",
  "price" : 199.0,
  "description" : "Updated description",
  "title" : "Updated Product 1",
  "category" : "electronics"
}
2026-05-26 21:25:27.403 [main] DEBUG c.f.automation.utils.LoggerUtil - REST call timeout configured: 5 minutes
2026-05-26 21:25:27.403 [main] INFO  c.f.automation.utils.LoggerUtil - Headers: {Accept=application/json, Content-Type=application/json}
2026-05-26 21:25:28.068 [main] INFO  c.f.automation.utils.LoggerUtil - Response Code: 200
2026-05-26 21:25:28.069 [main] INFO  c.f.automation.utils.LoggerUtil - Response Time: 0 seconds
2026-05-26 21:25:28.071 [main] INFO  c.f.automation.utils.LoggerUtil - Response Code: 200
2026-05-26 21:25:28.071 [main] INFO  c.f.automation.utils.LoggerUtil - Response Body: {"id":1,"title":"Updated Product 1","price":199,"description":"Updated description","image":"https://i.pravatar.cc","category":"electronics"}
2026-05-26 21:25:28.074 [main] INFO  c.f.automation.utils.LoggerUtil - ✓ Status Code Validation PASSED: Response code 200 is a success code
2026-05-26 21:25:28.075 [main] INFO  c.f.automation.utils.LoggerUtil - ✓ Response Body Validation PASSED: Contains 'id' field
2026-05-26 21:25:28.075 [main] INFO  c.f.automation.utils.LoggerUtil - ✓ Response Body Validation PASSED: Contains 'title' field
2026-05-26 21:25:28.075 [main] INFO  c.f.automation.utils.LoggerUtil - ✓ Response Body Validation PASSED: Contains 'price' field
2026-05-26 21:25:28.076 [main] INFO  c.f.automation.utils.LoggerUtil - ✓ Response Structure Validation PASSED: Valid JSON format
2026-05-26 21:25:28.077 [main] INFO  c.f.automation.utils.LoggerUtil - ✓ Product ID Validation PASSED: ID matches requested product (1)
2026-05-26 21:25:28.078 [main] INFO  c.f.automation.utils.LoggerUtil - ✓ Updated Title Validation PASSED: Response contains 'Updated Product 1'
2026-05-26 21:25:28.082 [main] INFO  c.f.automation.utils.LoggerUtil - ✓ Updated Price Validation PASSED: Response contains price '199.0'
2026-05-26 21:25:28.082 [main] INFO  c.f.automation.utils.LoggerUtil - ✓ Updated Description Validation PASSED: Response contains description
2026-05-26 21:25:28.084 [main] INFO  c.f.automation.utils.LoggerUtil - ========== Test Completed: TC1 ==========
2026-05-26 21:25:28.085 [main] INFO  c.f.automation.utils.LoggerUtil - Test passed: testUpdateProduct
2026-05-26 21:25:28.090 [main] INFO  c.f.automation.utils.LoggerUtil - Test started: testUpdateProduct
2026-05-26 21:25:28.091 [main] INFO  c.f.automation.utils.LoggerUtil - ========== Test: Update Product ==========
2026-05-26 21:25:28.091 [main] INFO  c.f.automation.utils.LoggerUtil - Test Data: {UpdatedDescription=Updated winter jacket, UpdatedImage=https://i.pravatar.cc, TestCase=TC2, UpdatedTitle=Updated Jacket, UpdatedPrice=250, ProductId=2, UpdatedCategory=men's clothing}
2026-05-26 21:25:28.091 [main] INFO  c.f.automation.utils.LoggerUtil - Executing Test Case: TC2
2026-05-26 21:25:28.091 [main] INFO  c.f.automation.utils.LoggerUtil - Updating Product ID: 2
2026-05-26 21:25:28.091 [main] INFO  c.f.automation.utils.LoggerUtil - Product Update Payload: {image=https://i.pravatar.cc, price=250.0, description=Updated winter jacket, title=Updated Jacket, category=men's clothing}
2026-05-26 21:25:28.092 [main] INFO  c.f.automation.utils.LoggerUtil - ✓ Payload Data Validation PASSED: All required fields have values
2026-05-26 21:25:28.092 [main] INFO  c.f.automation.utils.LoggerUtil - Updating product with ID: 2
2026-05-26 21:25:28.092 [main] DEBUG c.f.automation.utils.LoggerUtil - URL after placeholder substitution: /products/2
2026-05-26 21:25:28.093 [main] INFO  c.f.automation.utils.LoggerUtil - Sending HTTP Request --> PUT https://fakestoreapi.com/products/2
2026-05-26 21:25:28.093 [main] DEBUG c.f.automation.utils.LoggerUtil - Request Payload: {
  "image" : "https://i.pravatar.cc",
  "price" : 250.0,
  "description" : "Updated winter jacket",
  "title" : "Updated Jacket",
  "category" : "men's clothing"
}
2026-05-26 21:25:28.093 [main] DEBUG c.f.automation.utils.LoggerUtil - REST call timeout configured: 5 minutes
2026-05-26 21:25:28.093 [main] INFO  c.f.automation.utils.LoggerUtil - Headers: {Accept=application/json, Content-Type=application/json}
2026-05-26 21:25:28.599 [main] INFO  c.f.automation.utils.LoggerUtil - Response Code: 200
2026-05-26 21:25:28.600 [main] INFO  c.f.automation.utils.LoggerUtil - Response Time: 0 seconds
2026-05-26 21:25:28.601 [main] INFO  c.f.automation.utils.LoggerUtil - Response Code: 200
2026-05-26 21:25:28.601 [main] INFO  c.f.automation.utils.LoggerUtil - Response Body: {"id":2,"title":"Updated Jacket","price":250,"description":"Updated winter jacket","image":"https://i.pravatar.cc","category":"men's clothing"}
2026-05-26 21:25:28.602 [main] INFO  c.f.automation.utils.LoggerUtil - ✓ Status Code Validation PASSED: Response code 200 is a success code
2026-05-26 21:25:28.602 [main] INFO  c.f.automation.utils.LoggerUtil - ✓ Response Body Validation PASSED: Contains 'id' field
2026-05-26 21:25:28.602 [main] INFO  c.f.automation.utils.LoggerUtil - ✓ Response Body Validation PASSED: Contains 'title' field
2026-05-26 21:25:28.602 [main] INFO  c.f.automation.utils.LoggerUtil - ✓ Response Body Validation PASSED: Contains 'price' field
2026-05-26 21:25:28.602 [main] INFO  c.f.automation.utils.LoggerUtil - ✓ Response Structure Validation PASSED: Valid JSON format
2026-05-26 21:25:28.603 [main] INFO  c.f.automation.utils.LoggerUtil - ✓ Product ID Validation PASSED: ID matches requested product (2)
2026-05-26 21:25:28.603 [main] INFO  c.f.automation.utils.LoggerUtil - ✓ Updated Title Validation PASSED: Response contains 'Updated Jacket'
2026-05-26 21:25:28.603 [main] INFO  c.f.automation.utils.LoggerUtil - ✓ Updated Price Validation PASSED: Response contains price '250.0'
2026-05-26 21:25:28.603 [main] INFO  c.f.automation.utils.LoggerUtil - ✓ Updated Description Validation PASSED: Response contains description
2026-05-26 21:25:28.603 [main] INFO  c.f.automation.utils.LoggerUtil - ========== Test Completed: TC2 ==========
2026-05-26 21:25:28.604 [main] INFO  c.f.automation.utils.LoggerUtil - Test passed: testUpdateProduct
2026-05-26 21:25:28.607 [main] INFO  c.f.automation.utils.LoggerUtil - Test started: testUpdateProduct
2026-05-26 21:25:28.608 [main] INFO  c.f.automation.utils.LoggerUtil - ========== Test: Update Product ==========
2026-05-26 21:25:28.608 [main] INFO  c.f.automation.utils.LoggerUtil - Test Data: {UpdatedDescription=Zero price validation, UpdatedImage=https://i.pravatar.cc, TestCase=TC3, UpdatedTitle=Updated Jewelery, UpdatedPrice=0, ProductId=3, UpdatedCategory=jewelery}
2026-05-26 21:25:28.608 [main] INFO  c.f.automation.utils.LoggerUtil - Executing Test Case: TC3
2026-05-26 21:25:28.608 [main] INFO  c.f.automation.utils.LoggerUtil - Updating Product ID: 3
2026-05-26 21:25:28.608 [main] INFO  c.f.automation.utils.LoggerUtil - Product Update Payload: {image=https://i.pravatar.cc, price=0.0, description=Zero price validation, title=Updated Jewelery, category=jewelery}
2026-05-26 21:25:28.608 [main] INFO  c.f.automation.utils.LoggerUtil - ✓ Payload Data Validation PASSED: All required fields have values
2026-05-26 21:25:28.608 [main] INFO  c.f.automation.utils.LoggerUtil - Updating product with ID: 3
2026-05-26 21:25:28.608 [main] DEBUG c.f.automation.utils.LoggerUtil - URL after placeholder substitution: /products/3
2026-05-26 21:25:28.608 [main] INFO  c.f.automation.utils.LoggerUtil - Sending HTTP Request --> PUT https://fakestoreapi.com/products/3
2026-05-26 21:25:28.610 [main] DEBUG c.f.automation.utils.LoggerUtil - Request Payload: {
  "image" : "https://i.pravatar.cc",
  "price" : 0.0,
  "description" : "Zero price validation",
  "title" : "Updated Jewelery",
  "category" : "jewelery"
}
2026-05-26 21:25:28.610 [main] DEBUG c.f.automation.utils.LoggerUtil - REST call timeout configured: 5 minutes
2026-05-26 21:25:28.610 [main] INFO  c.f.automation.utils.LoggerUtil - Headers: {Accept=application/json, Content-Type=application/json}
2026-05-26 21:25:29.097 [main] INFO  c.f.automation.utils.LoggerUtil - Response Code: 200
2026-05-26 21:25:29.098 [main] INFO  c.f.automation.utils.LoggerUtil - Response Time: 0 seconds
2026-05-26 21:25:29.099 [main] INFO  c.f.automation.utils.LoggerUtil - Response Code: 200
2026-05-26 21:25:29.099 [main] INFO  c.f.automation.utils.LoggerUtil - Response Body: {"id":3,"title":"Updated Jewelery","price":0,"description":"Zero price validation","image":"https://i.pravatar.cc","category":"jewelery"}
2026-05-26 21:25:29.101 [main] INFO  c.f.automation.utils.LoggerUtil - ✓ Status Code Validation PASSED: Response code 200 is a success code
2026-05-26 21:25:29.101 [main] INFO  c.f.automation.utils.LoggerUtil - ✓ Response Body Validation PASSED: Contains 'id' field
2026-05-26 21:25:29.101 [main] INFO  c.f.automation.utils.LoggerUtil - ✓ Response Body Validation PASSED: Contains 'title' field
2026-05-26 21:25:29.102 [main] INFO  c.f.automation.utils.LoggerUtil - ✓ Response Body Validation PASSED: Contains 'price' field
2026-05-26 21:25:29.102 [main] INFO  c.f.automation.utils.LoggerUtil - ✓ Response Structure Validation PASSED: Valid JSON format
2026-05-26 21:25:29.103 [main] INFO  c.f.automation.utils.LoggerUtil - ✓ Product ID Validation PASSED: ID matches requested product (3)
2026-05-26 21:25:29.103 [main] INFO  c.f.automation.utils.LoggerUtil - ✓ Updated Title Validation PASSED: Response contains 'Updated Jewelery'
2026-05-26 21:25:29.103 [main] INFO  c.f.automation.utils.LoggerUtil - ✓ Updated Price Validation PASSED: Response contains price '0.0'
2026-05-26 21:25:29.104 [main] INFO  c.f.automation.utils.LoggerUtil - ✓ Updated Description Validation PASSED: Response contains description
2026-05-26 21:25:29.104 [main] INFO  c.f.automation.utils.LoggerUtil - ========== Test Completed: TC3 ==========
2026-05-26 21:25:29.105 [main] INFO  c.f.automation.utils.LoggerUtil - Test passed: testUpdateProduct
2026-05-26 21:25:29.109 [main] INFO  c.f.automation.utils.LoggerUtil - Tearing down ProductTests...
2026-05-26 21:25:29.109 [main] INFO  c.f.automation.utils.LoggerUtil - ProductTests teardown completed
2026-05-26 21:25:29.109 [main] INFO  c.f.automation.utils.LoggerUtil - Test Suite finished: Product_UpdateProduct
2026-05-26 21:25:29.136 [main] INFO  c.f.automation.utils.LoggerUtil - Extent Report flushed successfully
2026-05-26 21:32:26.625 [main] INFO  org.testng.internal.Utils - [TestNG] Running:
  C:\Users\mugn\Documents\NM\fakestoreapi\fakestore-automation\testng.xml

2026-05-26 21:32:26.651 [main] INFO  c.f.automation.utils.LoggerUtil - Test Suite started: Product_AddNewProduct
2026-05-26 21:32:26.653 [main] INFO  c.f.automation.utils.LoggerUtil - Configuration properties loaded successfully
2026-05-26 21:32:26.861 [main] INFO  c.f.automation.utils.LoggerUtil - Extent Report initialized at: test-output/ExtentReports/FakeStoreAPI_TestReport_2026-05-26_21-32-26.html
2026-05-26 21:32:26.886 [main] INFO  c.f.automation.utils.LoggerUtil - Setting up ProductTests...
2026-05-26 21:32:27.227 [main] INFO  c.f.automation.utils.LoggerUtil - ProductTests setup completed
2026-05-26 21:32:27.231 [main] INFO  c.f.automation.utils.LoggerUtil - Loading test data from: ./src/main/resources/testdata/combinedTestData.xlsx:AddNewProduct
2026-05-26 21:32:27.231 [main] INFO  c.f.automation.utils.LoggerUtil - Test data sets filter: ALL
2026-05-26 21:32:27.231 [main] INFO  c.f.automation.utils.LoggerUtil - Excel File: ./src/main/resources/testdata/combinedTestData.xlsx
2026-05-26 21:32:27.231 [main] INFO  c.f.automation.utils.LoggerUtil - Sheet Name: AddNewProduct
2026-05-26 21:32:27.965 [main] INFO  c.f.automation.utils.LoggerUtil - Excel file loaded: ./src/main/resources/testdata/combinedTestData.xlsx
2026-05-26 21:32:27.980 [main] INFO  c.f.automation.utils.LoggerUtil - Total test data rows loaded: 5
2026-05-26 21:32:27.980 [main] INFO  c.f.automation.utils.LoggerUtil - Excel workbook closed
2026-05-26 21:32:27.994 [main] INFO  c.f.automation.utils.LoggerUtil - Test started: testAddNewProduct
2026-05-26 21:32:28.005 [main] INFO  c.f.automation.utils.LoggerUtil - ========== Test: Add New Product ==========
2026-05-26 21:32:28.005 [main] INFO  c.f.automation.utils.LoggerUtil - Test Data: {Description=Automation Product Description, Category=electronics, TestCase=TC1, Price=99, ExpectedTitle=Test Product 1, Title=Test Product 1, Image=https://picsum.photos/id/1/200/300}
2026-05-26 21:32:28.005 [main] INFO  c.f.automation.utils.LoggerUtil - Executing Test Case: TC1
2026-05-26 21:32:28.005 [main] INFO  c.f.automation.utils.LoggerUtil - Product Payload: {image=https://picsum.photos/id/1/200/300, price=99.0, description=Automation Product Description, title=Test Product 1, category=electronics}
2026-05-26 21:32:28.005 [main] INFO  c.f.automation.utils.LoggerUtil - Creating new product
2026-05-26 21:32:28.162 [main] INFO  c.f.automation.utils.LoggerUtil - Sending HTTP Request --> POST https://fakestoreapi.com/products
2026-05-26 21:32:28.162 [main] DEBUG c.f.automation.utils.LoggerUtil - Request Payload: {
  "image" : "https://picsum.photos/id/1/200/300",
  "price" : 99.0,
  "description" : "Automation Product Description",
  "title" : "Test Product 1",
  "category" : "electronics"
}
2026-05-26 21:32:28.162 [main] DEBUG c.f.automation.utils.LoggerUtil - REST call timeout configured: 5 minutes
2026-05-26 21:32:28.162 [main] INFO  c.f.automation.utils.LoggerUtil - Headers: {Accept=application/json, Content-Type=application/json}
2026-05-26 21:32:31.036 [main] INFO  c.f.automation.utils.LoggerUtil - Response Code: 201
2026-05-26 21:32:31.037 [main] INFO  c.f.automation.utils.LoggerUtil - Response Time: 2 seconds
2026-05-26 21:32:31.039 [main] INFO  c.f.automation.utils.LoggerUtil - Response Code: 201
2026-05-26 21:32:31.039 [main] INFO  c.f.automation.utils.LoggerUtil - Response Body: {"id":21,"title":"Test Product 1","price":99,"description":"Automation Product Description","image":"https://picsum.photos/id/1/200/300","category":"electronics"}
2026-05-26 21:32:31.043 [main] INFO  c.f.automation.utils.LoggerUtil - ✓ Status Code Validation PASSED: Response code 201 is a success code
2026-05-26 21:32:31.043 [main] INFO  c.f.automation.utils.LoggerUtil - ✓ Response Body Validation PASSED: Contains 'id' field
2026-05-26 21:32:31.043 [main] INFO  c.f.automation.utils.LoggerUtil - ✓ Response Body Validation PASSED: Contains 'title' field
2026-05-26 21:32:31.043 [main] INFO  c.f.automation.utils.LoggerUtil - ✓ Response Body Validation PASSED: Contains 'price' field
2026-05-26 21:32:31.043 [main] INFO  c.f.automation.utils.LoggerUtil - ✓ Response Structure Validation PASSED: Valid JSON format
2026-05-26 21:32:31.044 [main] INFO  c.f.automation.utils.LoggerUtil - ========== Test Completed: TC1 ==========
2026-05-26 21:32:31.046 [main] INFO  c.f.automation.utils.LoggerUtil - Test passed: testAddNewProduct
2026-05-26 21:32:31.053 [main] INFO  c.f.automation.utils.LoggerUtil - Test started: testAddNewProduct
2026-05-26 21:32:31.054 [main] INFO  c.f.automation.utils.LoggerUtil - ========== Test: Add New Product ==========
2026-05-26 21:32:31.055 [main] INFO  c.f.automation.utils.LoggerUtil - Test Data: {Description=Winter Jacket, Category=men's clothing, TestCase=TC2, Price=120, ExpectedTitle=Men's Jacket, Title=Men's Jacket, Image=https://picsum.photos/id/2/200/300}
2026-05-26 21:32:31.055 [main] INFO  c.f.automation.utils.LoggerUtil - Executing Test Case: TC2
2026-05-26 21:32:31.055 [main] INFO  c.f.automation.utils.LoggerUtil - Product Payload: {image=https://picsum.photos/id/2/200/300, price=120.0, description=Winter Jacket, title=Men's Jacket, category=men's clothing}
2026-05-26 21:32:31.055 [main] INFO  c.f.automation.utils.LoggerUtil - Creating new product
2026-05-26 21:32:31.056 [main] INFO  c.f.automation.utils.LoggerUtil - Sending HTTP Request --> POST https://fakestoreapi.com/products
2026-05-26 21:32:31.056 [main] DEBUG c.f.automation.utils.LoggerUtil - Request Payload: {
  "image" : "https://picsum.photos/id/2/200/300",
  "price" : 120.0,
  "description" : "Winter Jacket",
  "title" : "Men's Jacket",
  "category" : "men's clothing"
}
2026-05-26 21:32:31.056 [main] DEBUG c.f.automation.utils.LoggerUtil - REST call timeout configured: 5 minutes
2026-05-26 21:32:31.056 [main] INFO  c.f.automation.utils.LoggerUtil - Headers: {Accept=application/json, Content-Type=application/json}
2026-05-26 21:32:31.506 [main] INFO  c.f.automation.utils.LoggerUtil - Response Code: 201
2026-05-26 21:32:31.507 [main] INFO  c.f.automation.utils.LoggerUtil - Response Time: 0 seconds
2026-05-26 21:32:31.510 [main] INFO  c.f.automation.utils.LoggerUtil - Response Code: 201
2026-05-26 21:32:31.511 [main] INFO  c.f.automation.utils.LoggerUtil - Response Body: {"id":21,"title":"Men's Jacket","price":120,"description":"Winter Jacket","image":"https://picsum.photos/id/2/200/300","category":"men's clothing"}
2026-05-26 21:32:31.514 [main] INFO  c.f.automation.utils.LoggerUtil - ✓ Status Code Validation PASSED: Response code 201 is a success code
2026-05-26 21:32:31.515 [main] INFO  c.f.automation.utils.LoggerUtil - ✓ Response Body Validation PASSED: Contains 'id' field
2026-05-26 21:32:31.516 [main] INFO  c.f.automation.utils.LoggerUtil - ✓ Response Body Validation PASSED: Contains 'title' field
2026-05-26 21:32:31.518 [main] INFO  c.f.automation.utils.LoggerUtil - ✓ Response Body Validation PASSED: Contains 'price' field
2026-05-26 21:32:31.518 [main] INFO  c.f.automation.utils.LoggerUtil - ✓ Response Structure Validation PASSED: Valid JSON format
2026-05-26 21:32:31.519 [main] INFO  c.f.automation.utils.LoggerUtil - ========== Test Completed: TC2 ==========
2026-05-26 21:32:31.520 [main] INFO  c.f.automation.utils.LoggerUtil - Test passed: testAddNewProduct
2026-05-26 21:32:31.527 [main] INFO  c.f.automation.utils.LoggerUtil - Test started: testAddNewProduct
2026-05-26 21:32:31.529 [main] INFO  c.f.automation.utils.LoggerUtil - ========== Test: Add New Product ==========
2026-05-26 21:32:31.529 [main] INFO  c.f.automation.utils.LoggerUtil - Test Data: {Description=Missing title validation, Category=electronics, TestCase=TC3, Price=50, ExpectedTitle=Empty Title Product, Title=Empty Title Product, Image=https://picsum.photos/id/3/200/300}
2026-05-26 21:32:31.529 [main] INFO  c.f.automation.utils.LoggerUtil - Executing Test Case: TC3
2026-05-26 21:32:31.530 [main] INFO  c.f.automation.utils.LoggerUtil - Product Payload: {image=https://picsum.photos/id/3/200/300, price=50.0, description=Missing title validation, title=Empty Title Product, category=electronics}
2026-05-26 21:32:31.530 [main] INFO  c.f.automation.utils.LoggerUtil - Creating new product
2026-05-26 21:32:31.531 [main] INFO  c.f.automation.utils.LoggerUtil - Sending HTTP Request --> POST https://fakestoreapi.com/products
2026-05-26 21:32:31.531 [main] DEBUG c.f.automation.utils.LoggerUtil - Request Payload: {
  "image" : "https://picsum.photos/id/3/200/300",
  "price" : 50.0,
  "description" : "Missing title validation",
  "title" : "Empty Title Product",
  "category" : "electronics"
}
2026-05-26 21:32:31.532 [main] DEBUG c.f.automation.utils.LoggerUtil - REST call timeout configured: 5 minutes
2026-05-26 21:32:31.532 [main] INFO  c.f.automation.utils.LoggerUtil - Headers: {Accept=application/json, Content-Type=application/json}
2026-05-26 21:32:33.040 [main] INFO  c.f.automation.utils.LoggerUtil - Response Code: 201
2026-05-26 21:32:33.041 [main] INFO  c.f.automation.utils.LoggerUtil - Response Time: 1 seconds
2026-05-26 21:32:33.043 [main] INFO  c.f.automation.utils.LoggerUtil - Response Code: 201
2026-05-26 21:32:33.044 [main] INFO  c.f.automation.utils.LoggerUtil - Response Body: {"id":21,"title":"Empty Title Product","price":50,"description":"Missing title validation","image":"https://picsum.photos/id/3/200/300","category":"electronics"}
2026-05-26 21:32:33.046 [main] INFO  c.f.automation.utils.LoggerUtil - ✓ Status Code Validation PASSED: Response code 201 is a success code
2026-05-26 21:32:33.047 [main] INFO  c.f.automation.utils.LoggerUtil - ✓ Response Body Validation PASSED: Contains 'id' field
2026-05-26 21:32:33.047 [main] INFO  c.f.automation.utils.LoggerUtil - ✓ Response Body Validation PASSED: Contains 'title' field
2026-05-26 21:32:33.048 [main] INFO  c.f.automation.utils.LoggerUtil - ✓ Response Body Validation PASSED: Contains 'price' field
2026-05-26 21:32:33.048 [main] INFO  c.f.automation.utils.LoggerUtil - ✓ Response Structure Validation PASSED: Valid JSON format
2026-05-26 21:32:33.049 [main] INFO  c.f.automation.utils.LoggerUtil - ========== Test Completed: TC3 ==========
2026-05-26 21:32:33.050 [main] INFO  c.f.automation.utils.LoggerUtil - Test passed: testAddNewProduct
2026-05-26 21:32:33.055 [main] INFO  c.f.automation.utils.LoggerUtil - Test started: testAddNewProduct
2026-05-26 21:32:33.056 [main] INFO  c.f.automation.utils.LoggerUtil - ========== Test: Add New Product ==========
2026-05-26 21:32:33.056 [main] INFO  c.f.automation.utils.LoggerUtil - Test Data: {Description=Negative price validation, Category=electronics, TestCase=TC4, Price=-10, ExpectedTitle=Invalid Price Product, Title=Invalid Price Product, Image=https://picsum.photos/id/4/200/300}
2026-05-26 21:32:33.056 [main] INFO  c.f.automation.utils.LoggerUtil - Executing Test Case: TC4
2026-05-26 21:32:33.056 [main] INFO  c.f.automation.utils.LoggerUtil - Product Payload: {image=https://picsum.photos/id/4/200/300, price=-10.0, description=Negative price validation, title=Invalid Price Product, category=electronics}
2026-05-26 21:32:33.056 [main] INFO  c.f.automation.utils.LoggerUtil - Creating new product
2026-05-26 21:32:33.057 [main] INFO  c.f.automation.utils.LoggerUtil - Sending HTTP Request --> POST https://fakestoreapi.com/products
2026-05-26 21:32:33.057 [main] DEBUG c.f.automation.utils.LoggerUtil - Request Payload: {
  "image" : "https://picsum.photos/id/4/200/300",
  "price" : -10.0,
  "description" : "Negative price validation",
  "title" : "Invalid Price Product",
  "category" : "electronics"
}
2026-05-26 21:32:33.057 [main] DEBUG c.f.automation.utils.LoggerUtil - REST call timeout configured: 5 minutes
2026-05-26 21:32:33.058 [main] INFO  c.f.automation.utils.LoggerUtil - Headers: {Accept=application/json, Content-Type=application/json}
2026-05-26 21:32:33.539 [main] INFO  c.f.automation.utils.LoggerUtil - Response Code: 201
2026-05-26 21:32:33.539 [main] INFO  c.f.automation.utils.LoggerUtil - Response Time: 0 seconds
2026-05-26 21:32:33.540 [main] INFO  c.f.automation.utils.LoggerUtil - Response Code: 201
2026-05-26 21:32:33.540 [main] INFO  c.f.automation.utils.LoggerUtil - Response Body: {"id":21,"title":"Invalid Price Product","price":-10,"description":"Negative price validation","image":"https://picsum.photos/id/4/200/300","category":"electronics"}
2026-05-26 21:32:33.541 [main] INFO  c.f.automation.utils.LoggerUtil - ✓ Status Code Validation PASSED: Response code 201 is a success code
2026-05-26 21:32:33.541 [main] INFO  c.f.automation.utils.LoggerUtil - ✓ Response Body Validation PASSED: Contains 'id' field
2026-05-26 21:32:33.541 [main] INFO  c.f.automation.utils.LoggerUtil - ✓ Response Body Validation PASSED: Contains 'title' field
2026-05-26 21:32:33.541 [main] INFO  c.f.automation.utils.LoggerUtil - ✓ Response Body Validation PASSED: Contains 'price' field
2026-05-26 21:32:33.542 [main] INFO  c.f.automation.utils.LoggerUtil - ✓ Response Structure Validation PASSED: Valid JSON format
2026-05-26 21:32:33.542 [main] INFO  c.f.automation.utils.LoggerUtil - ========== Test Completed: TC4 ==========
2026-05-26 21:32:33.542 [main] INFO  c.f.automation.utils.LoggerUtil - Test passed: testAddNewProduct
2026-05-26 21:32:33.546 [main] INFO  c.f.automation.utils.LoggerUtil - Test started: testAddNewProduct
2026-05-26 21:32:33.546 [main] INFO  c.f.automation.utils.LoggerUtil - ========== Test: Add New Product ==========
2026-05-26 21:32:33.546 [main] INFO  c.f.automation.utils.LoggerUtil - Test Data: {Description=Very long description for API payload validation testing, Category=jewelery, TestCase=TC5, Price=999, ExpectedTitle=Long Description Product, Title=Long Description Product, Image=https://picsum.photos/id/5/200/300}
2026-05-26 21:32:33.546 [main] INFO  c.f.automation.utils.LoggerUtil - Executing Test Case: TC5
2026-05-26 21:32:33.546 [main] INFO  c.f.automation.utils.LoggerUtil - Product Payload: {image=https://picsum.photos/id/5/200/300, price=999.0, description=Very long description for API payload validation testing, title=Long Description Product, category=jewelery}
2026-05-26 21:32:33.546 [main] INFO  c.f.automation.utils.LoggerUtil - Creating new product
2026-05-26 21:32:33.546 [main] INFO  c.f.automation.utils.LoggerUtil - Sending HTTP Request --> POST https://fakestoreapi.com/products
2026-05-26 21:32:33.546 [main] DEBUG c.f.automation.utils.LoggerUtil - Request Payload: {
  "image" : "https://picsum.photos/id/5/200/300",
  "price" : 999.0,
  "description" : "Very long description for API payload validation testing",
  "title" : "Long Description Product",
  "category" : "jewelery"
}
2026-05-26 21:32:33.548 [main] DEBUG c.f.automation.utils.LoggerUtil - REST call timeout configured: 5 minutes
2026-05-26 21:32:33.548 [main] INFO  c.f.automation.utils.LoggerUtil - Headers: {Accept=application/json, Content-Type=application/json}
2026-05-26 21:32:34.047 [main] INFO  c.f.automation.utils.LoggerUtil - Response Code: 201
2026-05-26 21:32:34.048 [main] INFO  c.f.automation.utils.LoggerUtil - Response Time: 0 seconds
2026-05-26 21:32:34.049 [main] INFO  c.f.automation.utils.LoggerUtil - Response Code: 201
2026-05-26 21:32:34.049 [main] INFO  c.f.automation.utils.LoggerUtil - Response Body: {"id":21,"title":"Long Description Product","price":999,"description":"Very long description for API payload validation testing","image":"https://picsum.photos/id/5/200/300","category":"jewelery"}
2026-05-26 21:32:34.051 [main] INFO  c.f.automation.utils.LoggerUtil - ✓ Status Code Validation PASSED: Response code 201 is a success code
2026-05-26 21:32:34.051 [main] INFO  c.f.automation.utils.LoggerUtil - ✓ Response Body Validation PASSED: Contains 'id' field
2026-05-26 21:32:34.051 [main] INFO  c.f.automation.utils.LoggerUtil - ✓ Response Body Validation PASSED: Contains 'title' field
2026-05-26 21:32:34.051 [main] INFO  c.f.automation.utils.LoggerUtil - ✓ Response Body Validation PASSED: Contains 'price' field
2026-05-26 21:32:34.051 [main] INFO  c.f.automation.utils.LoggerUtil - ✓ Response Structure Validation PASSED: Valid JSON format
2026-05-26 21:32:34.052 [main] INFO  c.f.automation.utils.LoggerUtil - ========== Test Completed: TC5 ==========
2026-05-26 21:32:34.052 [main] INFO  c.f.automation.utils.LoggerUtil - Test passed: testAddNewProduct
2026-05-26 21:32:34.056 [main] INFO  c.f.automation.utils.LoggerUtil - Tearing down ProductTests...
2026-05-26 21:32:34.056 [main] INFO  c.f.automation.utils.LoggerUtil - ProductTests teardown completed
2026-05-26 21:32:34.059 [main] INFO  c.f.automation.utils.LoggerUtil - Test Suite finished: Product_AddNewProduct
2026-05-26 21:32:34.376 [main] INFO  c.f.automation.utils.LoggerUtil - Extent Report flushed successfully
2026-05-26 21:32:34.430 [main] INFO  c.f.automation.utils.LoggerUtil - Test Suite started: Product_UpdateProduct
2026-05-26 21:32:34.431 [main] INFO  c.f.automation.utils.LoggerUtil - Setting up ProductTests...
2026-05-26 21:32:34.431 [main] INFO  c.f.automation.utils.LoggerUtil - ProductTests setup completed
2026-05-26 21:32:34.432 [main] INFO  c.f.automation.utils.LoggerUtil - Loading test data from: ./src/main/resources/testdata/combinedTestData.xlsx:UpdateProduct
2026-05-26 21:32:34.432 [main] INFO  c.f.automation.utils.LoggerUtil - Test data sets filter: ALL
2026-05-26 21:32:34.433 [main] INFO  c.f.automation.utils.LoggerUtil - Excel File: ./src/main/resources/testdata/combinedTestData.xlsx
2026-05-26 21:32:34.433 [main] INFO  c.f.automation.utils.LoggerUtil - Sheet Name: UpdateProduct
2026-05-26 21:32:34.534 [main] INFO  c.f.automation.utils.LoggerUtil - Excel file loaded: ./src/main/resources/testdata/combinedTestData.xlsx
2026-05-26 21:32:34.537 [main] INFO  c.f.automation.utils.LoggerUtil - Total test data rows loaded: 3
2026-05-26 21:32:34.537 [main] INFO  c.f.automation.utils.LoggerUtil - Excel workbook closed
2026-05-26 21:32:34.538 [main] INFO  c.f.automation.utils.LoggerUtil - Test started: testUpdateProduct
2026-05-26 21:32:34.539 [main] INFO  c.f.automation.utils.LoggerUtil - ========== Test: Update Product ==========
2026-05-26 21:32:34.539 [main] INFO  c.f.automation.utils.LoggerUtil - Test Data: {UpdatedDescription=Updated description, UpdatedImage=https://i.pravatar.cc, TestCase=TC1, UpdatedTitle=Updated Product 1, UpdatedPrice=199, ProductId=1, UpdatedCategory=electronics}
2026-05-26 21:32:34.540 [main] INFO  c.f.automation.utils.LoggerUtil - Executing Test Case: TC1
2026-05-26 21:32:34.540 [main] INFO  c.f.automation.utils.LoggerUtil - Updating Product ID: 1
2026-05-26 21:32:34.540 [main] INFO  c.f.automation.utils.LoggerUtil - Product Update Payload: {image=https://i.pravatar.cc, price=199.0, description=Updated description, title=Updated Product 1, category=electronics}
2026-05-26 21:32:34.540 [main] INFO  c.f.automation.utils.LoggerUtil - ✓ Payload Data Validation PASSED: All required fields have values
2026-05-26 21:32:34.541 [main] INFO  c.f.automation.utils.LoggerUtil - Updating product with ID: 1
2026-05-26 21:32:34.541 [main] DEBUG c.f.automation.utils.LoggerUtil - URL after placeholder substitution: /products/1
2026-05-26 21:32:34.541 [main] INFO  c.f.automation.utils.LoggerUtil - Sending HTTP Request --> PUT https://fakestoreapi.com/products/1
2026-05-26 21:32:34.542 [main] DEBUG c.f.automation.utils.LoggerUtil - Request Payload: {
  "image" : "https://i.pravatar.cc",
  "price" : 199.0,
  "description" : "Updated description",
  "title" : "Updated Product 1",
  "category" : "electronics"
}
2026-05-26 21:32:34.542 [main] DEBUG c.f.automation.utils.LoggerUtil - REST call timeout configured: 5 minutes
2026-05-26 21:32:34.542 [main] INFO  c.f.automation.utils.LoggerUtil - Headers: {Accept=application/json, Content-Type=application/json}
2026-05-26 21:32:34.988 [main] INFO  c.f.automation.utils.LoggerUtil - Response Code: 200
2026-05-26 21:32:34.988 [main] INFO  c.f.automation.utils.LoggerUtil - Response Time: 0 seconds
2026-05-26 21:32:34.989 [main] INFO  c.f.automation.utils.LoggerUtil - Response Code: 200
2026-05-26 21:32:34.989 [main] INFO  c.f.automation.utils.LoggerUtil - Response Body: {"id":1,"title":"Updated Product 1","price":199,"description":"Updated description","image":"https://i.pravatar.cc","category":"electronics"}
2026-05-26 21:32:34.991 [main] INFO  c.f.automation.utils.LoggerUtil - ✓ Status Code Validation PASSED: Response code 200 is a success code
2026-05-26 21:32:34.991 [main] INFO  c.f.automation.utils.LoggerUtil - ✓ Response Body Validation PASSED: Contains 'id' field
2026-05-26 21:32:34.991 [main] INFO  c.f.automation.utils.LoggerUtil - ✓ Response Body Validation PASSED: Contains 'title' field
2026-05-26 21:32:34.992 [main] INFO  c.f.automation.utils.LoggerUtil - ✓ Response Body Validation PASSED: Contains 'price' field
2026-05-26 21:32:34.992 [main] INFO  c.f.automation.utils.LoggerUtil - ✓ Response Structure Validation PASSED: Valid JSON format
2026-05-26 21:32:34.992 [main] INFO  c.f.automation.utils.LoggerUtil - ✓ Product ID Validation PASSED: ID matches requested product (1)
2026-05-26 21:32:34.993 [main] INFO  c.f.automation.utils.LoggerUtil - ✓ Updated Title Validation PASSED: Response contains 'Updated Product 1'
2026-05-26 21:32:34.995 [main] INFO  c.f.automation.utils.LoggerUtil - ✓ Updated Price Validation PASSED: Response contains price '199.0'
2026-05-26 21:32:34.995 [main] INFO  c.f.automation.utils.LoggerUtil - ✓ Updated Description Validation PASSED: Response contains description
2026-05-26 21:32:34.996 [main] INFO  c.f.automation.utils.LoggerUtil - ========== Test Completed: TC1 ==========
2026-05-26 21:32:34.996 [main] INFO  c.f.automation.utils.LoggerUtil - Test passed: testUpdateProduct
2026-05-26 21:32:34.998 [main] INFO  c.f.automation.utils.LoggerUtil - Test started: testUpdateProduct
2026-05-26 21:32:35.000 [main] INFO  c.f.automation.utils.LoggerUtil - ========== Test: Update Product ==========
2026-05-26 21:32:35.001 [main] INFO  c.f.automation.utils.LoggerUtil - Test Data: {UpdatedDescription=Updated winter jacket, UpdatedImage=https://i.pravatar.cc, TestCase=TC2, UpdatedTitle=Updated Jacket, UpdatedPrice=250, ProductId=2, UpdatedCategory=men's clothing}
2026-05-26 21:32:35.001 [main] INFO  c.f.automation.utils.LoggerUtil - Executing Test Case: TC2
2026-05-26 21:32:35.001 [main] INFO  c.f.automation.utils.LoggerUtil - Updating Product ID: 2
2026-05-26 21:32:35.001 [main] INFO  c.f.automation.utils.LoggerUtil - Product Update Payload: {image=https://i.pravatar.cc, price=250.0, description=Updated winter jacket, title=Updated Jacket, category=men's clothing}
2026-05-26 21:32:35.001 [main] INFO  c.f.automation.utils.LoggerUtil - ✓ Payload Data Validation PASSED: All required fields have values
2026-05-26 21:32:35.001 [main] INFO  c.f.automation.utils.LoggerUtil - Updating product with ID: 2
2026-05-26 21:32:35.001 [main] DEBUG c.f.automation.utils.LoggerUtil - URL after placeholder substitution: /products/2
2026-05-26 21:32:35.002 [main] INFO  c.f.automation.utils.LoggerUtil - Sending HTTP Request --> PUT https://fakestoreapi.com/products/2
2026-05-26 21:32:35.002 [main] DEBUG c.f.automation.utils.LoggerUtil - Request Payload: {
  "image" : "https://i.pravatar.cc",
  "price" : 250.0,
  "description" : "Updated winter jacket",
  "title" : "Updated Jacket",
  "category" : "men's clothing"
}
2026-05-26 21:32:35.002 [main] DEBUG c.f.automation.utils.LoggerUtil - REST call timeout configured: 5 minutes
2026-05-26 21:32:35.002 [main] INFO  c.f.automation.utils.LoggerUtil - Headers: {Accept=application/json, Content-Type=application/json}
2026-05-26 21:32:35.480 [main] INFO  c.f.automation.utils.LoggerUtil - Response Code: 200
2026-05-26 21:32:35.480 [main] INFO  c.f.automation.utils.LoggerUtil - Response Time: 0 seconds
2026-05-26 21:32:35.481 [main] INFO  c.f.automation.utils.LoggerUtil - Response Code: 200
2026-05-26 21:32:35.482 [main] INFO  c.f.automation.utils.LoggerUtil - Response Body: {"id":2,"title":"Updated Jacket","price":250,"description":"Updated winter jacket","image":"https://i.pravatar.cc","category":"men's clothing"}
2026-05-26 21:32:35.484 [main] INFO  c.f.automation.utils.LoggerUtil - ✓ Status Code Validation PASSED: Response code 200 is a success code
2026-05-26 21:32:35.484 [main] INFO  c.f.automation.utils.LoggerUtil - ✓ Response Body Validation PASSED: Contains 'id' field
2026-05-26 21:32:35.485 [main] INFO  c.f.automation.utils.LoggerUtil - ✓ Response Body Validation PASSED: Contains 'title' field
2026-05-26 21:32:35.485 [main] INFO  c.f.automation.utils.LoggerUtil - ✓ Response Body Validation PASSED: Contains 'price' field
2026-05-26 21:32:35.486 [main] INFO  c.f.automation.utils.LoggerUtil - ✓ Response Structure Validation PASSED: Valid JSON format
2026-05-26 21:32:35.486 [main] INFO  c.f.automation.utils.LoggerUtil - ✓ Product ID Validation PASSED: ID matches requested product (2)
2026-05-26 21:32:35.487 [main] INFO  c.f.automation.utils.LoggerUtil - ✓ Updated Title Validation PASSED: Response contains 'Updated Jacket'
2026-05-26 21:32:35.488 [main] INFO  c.f.automation.utils.LoggerUtil - ✓ Updated Price Validation PASSED: Response contains price '250.0'
2026-05-26 21:32:35.488 [main] INFO  c.f.automation.utils.LoggerUtil - ✓ Updated Description Validation PASSED: Response contains description
2026-05-26 21:32:35.488 [main] INFO  c.f.automation.utils.LoggerUtil - ========== Test Completed: TC2 ==========
2026-05-26 21:32:35.489 [main] INFO  c.f.automation.utils.LoggerUtil - Test passed: testUpdateProduct
2026-05-26 21:32:35.496 [main] INFO  c.f.automation.utils.LoggerUtil - Test started: testUpdateProduct
2026-05-26 21:32:35.497 [main] INFO  c.f.automation.utils.LoggerUtil - ========== Test: Update Product ==========
2026-05-26 21:32:35.497 [main] INFO  c.f.automation.utils.LoggerUtil - Test Data: {UpdatedDescription=Zero price validation, UpdatedImage=https://i.pravatar.cc, TestCase=TC3, UpdatedTitle=Updated Jewelery, UpdatedPrice=0, ProductId=3, UpdatedCategory=jewelery}
2026-05-26 21:32:35.497 [main] INFO  c.f.automation.utils.LoggerUtil - Executing Test Case: TC3
2026-05-26 21:32:35.497 [main] INFO  c.f.automation.utils.LoggerUtil - Updating Product ID: 3
2026-05-26 21:32:35.497 [main] INFO  c.f.automation.utils.LoggerUtil - Product Update Payload: {image=https://i.pravatar.cc, price=0.0, description=Zero price validation, title=Updated Jewelery, category=jewelery}
2026-05-26 21:32:35.497 [main] INFO  c.f.automation.utils.LoggerUtil - ✓ Payload Data Validation PASSED: All required fields have values
2026-05-26 21:32:35.499 [main] INFO  c.f.automation.utils.LoggerUtil - Updating product with ID: 3
2026-05-26 21:32:35.499 [main] DEBUG c.f.automation.utils.LoggerUtil - URL after placeholder substitution: /products/3
2026-05-26 21:32:35.499 [main] INFO  c.f.automation.utils.LoggerUtil - Sending HTTP Request --> PUT https://fakestoreapi.com/products/3
2026-05-26 21:32:35.499 [main] DEBUG c.f.automation.utils.LoggerUtil - Request Payload: {
  "image" : "https://i.pravatar.cc",
  "price" : 0.0,
  "description" : "Zero price validation",
  "title" : "Updated Jewelery",
  "category" : "jewelery"
}
2026-05-26 21:32:35.500 [main] DEBUG c.f.automation.utils.LoggerUtil - REST call timeout configured: 5 minutes
2026-05-26 21:32:35.500 [main] INFO  c.f.automation.utils.LoggerUtil - Headers: {Accept=application/json, Content-Type=application/json}
2026-05-26 21:32:35.962 [main] INFO  c.f.automation.utils.LoggerUtil - Response Code: 200
2026-05-26 21:32:35.963 [main] INFO  c.f.automation.utils.LoggerUtil - Response Time: 0 seconds
2026-05-26 21:32:35.964 [main] INFO  c.f.automation.utils.LoggerUtil - Response Code: 200
2026-05-26 21:32:35.964 [main] INFO  c.f.automation.utils.LoggerUtil - Response Body: {"id":3,"title":"Updated Jewelery","price":0,"description":"Zero price validation","image":"https://i.pravatar.cc","category":"jewelery"}
2026-05-26 21:32:35.965 [main] INFO  c.f.automation.utils.LoggerUtil - ✓ Status Code Validation PASSED: Response code 200 is a success code
2026-05-26 21:32:35.965 [main] INFO  c.f.automation.utils.LoggerUtil - ✓ Response Body Validation PASSED: Contains 'id' field
2026-05-26 21:32:35.966 [main] INFO  c.f.automation.utils.LoggerUtil - ✓ Response Body Validation PASSED: Contains 'title' field
2026-05-26 21:32:35.966 [main] INFO  c.f.automation.utils.LoggerUtil - ✓ Response Body Validation PASSED: Contains 'price' field
2026-05-26 21:32:35.966 [main] INFO  c.f.automation.utils.LoggerUtil - ✓ Response Structure Validation PASSED: Valid JSON format
2026-05-26 21:32:35.966 [main] INFO  c.f.automation.utils.LoggerUtil - ✓ Product ID Validation PASSED: ID matches requested product (3)
2026-05-26 21:32:35.966 [main] INFO  c.f.automation.utils.LoggerUtil - ✓ Updated Title Validation PASSED: Response contains 'Updated Jewelery'
2026-05-26 21:32:35.967 [main] INFO  c.f.automation.utils.LoggerUtil - ✓ Updated Price Validation PASSED: Response contains price '0.0'
2026-05-26 21:32:35.967 [main] INFO  c.f.automation.utils.LoggerUtil - ✓ Updated Description Validation PASSED: Response contains description
2026-05-26 21:32:35.967 [main] INFO  c.f.automation.utils.LoggerUtil - ========== Test Completed: TC3 ==========
2026-05-26 21:32:35.967 [main] INFO  c.f.automation.utils.LoggerUtil - Test passed: testUpdateProduct
2026-05-26 21:32:35.970 [main] INFO  c.f.automation.utils.LoggerUtil - Tearing down ProductTests...
2026-05-26 21:32:35.970 [main] INFO  c.f.automation.utils.LoggerUtil - ProductTests teardown completed
2026-05-26 21:32:35.971 [main] INFO  c.f.automation.utils.LoggerUtil - Test Suite finished: Product_UpdateProduct
2026-05-26 21:32:35.992 [main] INFO  c.f.automation.utils.LoggerUtil - Extent Report flushed successfully
2026-05-26 21:32:35.999 [main] INFO  c.f.automation.utils.LoggerUtil - Test Suite started: Product_DeleteProduct
2026-05-26 21:32:36.000 [main] INFO  c.f.automation.utils.LoggerUtil - Setting up ProductTests...
2026-05-26 21:32:36.000 [main] INFO  c.f.automation.utils.LoggerUtil - ProductTests setup completed
2026-05-26 21:32:36.001 [main] INFO  c.f.automation.utils.LoggerUtil - Loading test data from: ./src/main/resources/testdata/combinedTestData.xlsx:DeleteProduct
2026-05-26 21:32:36.001 [main] INFO  c.f.automation.utils.LoggerUtil - Test data sets filter: ALL
2026-05-26 21:32:36.001 [main] INFO  c.f.automation.utils.LoggerUtil - Excel File: ./src/main/resources/testdata/combinedTestData.xlsx
2026-05-26 21:32:36.001 [main] INFO  c.f.automation.utils.LoggerUtil - Sheet Name: DeleteProduct
2026-05-26 21:32:36.066 [main] INFO  c.f.automation.utils.LoggerUtil - Excel file loaded: ./src/main/resources/testdata/combinedTestData.xlsx
2026-05-26 21:32:36.067 [main] INFO  c.f.automation.utils.LoggerUtil - Total test data rows loaded: 4
2026-05-26 21:32:36.067 [main] INFO  c.f.automation.utils.LoggerUtil - Excel workbook closed
2026-05-26 21:32:36.068 [main] INFO  c.f.automation.utils.LoggerUtil - Test started: testDeleteProduct
2026-05-26 21:32:36.069 [main] INFO  c.f.automation.utils.LoggerUtil - ========== Test: Delete Product ==========
2026-05-26 21:32:36.069 [main] INFO  c.f.automation.utils.LoggerUtil - Test Data: {TestCase=TC1, ProductId=1}
2026-05-26 21:32:36.069 [main] INFO  c.f.automation.utils.LoggerUtil - Executing Test Case: TC1
2026-05-26 21:32:36.069 [main] INFO  c.f.automation.utils.LoggerUtil - Deleting Product ID: 1
2026-05-26 21:32:36.070 [main] INFO  c.f.automation.utils.LoggerUtil - Deleting product with ID: 1
2026-05-26 21:32:36.070 [main] DEBUG c.f.automation.utils.LoggerUtil - URL after placeholder substitution: /products/1
2026-05-26 21:32:36.070 [main] INFO  c.f.automation.utils.LoggerUtil - Sending HTTP Request --> DELETE https://fakestoreapi.com/products/1
2026-05-26 21:32:36.070 [main] DEBUG c.f.automation.utils.LoggerUtil - REST call timeout configured: 5 minutes
2026-05-26 21:32:36.070 [main] INFO  c.f.automation.utils.LoggerUtil - Headers: {Accept=application/json, Content-Type=application/json}
2026-05-26 21:32:36.533 [main] INFO  c.f.automation.utils.LoggerUtil - Response Code: 200
2026-05-26 21:32:36.534 [main] INFO  c.f.automation.utils.LoggerUtil - Response Time: 0 seconds
2026-05-26 21:32:36.535 [main] INFO  c.f.automation.utils.LoggerUtil - Response Code: 200
2026-05-26 21:32:36.536 [main] INFO  c.f.automation.utils.LoggerUtil - Response Body: {"id":1,"title":"Fjallraven - Foldsack No. 1 Backpack, Fits 15 Laptops","price":109.95,"description":"Your perfect pack for everyday use and walks in the forest. Stash your laptop (up to 15 inches) in the padded sleeve, your everyday","category":"men's clothing","image":"https://fakestoreapi.com/img/81fPKd-2AYL._AC_SL1500_t.png","rating":{"rate":3.9,"count":120}}
2026-05-26 21:32:36.538 [main] INFO  c.f.automation.utils.LoggerUtil - ✓ Status Code Validation PASSED: Response code 200 is a success code
2026-05-26 21:32:36.539 [main] INFO  c.f.automation.utils.LoggerUtil - ✓ Response Body Validation PASSED: Contains 'id' field
2026-05-26 21:32:36.539 [main] INFO  c.f.automation.utils.LoggerUtil - ✓ Response Structure Validation PASSED: Valid JSON format
2026-05-26 21:32:36.539 [main] INFO  c.f.automation.utils.LoggerUtil - ✓ Product ID Validation PASSED: ID matches deleted product (1)
2026-05-26 21:32:36.540 [main] INFO  c.f.automation.utils.LoggerUtil - ========== Test Completed: TC1 ==========
2026-05-26 21:32:36.540 [main] INFO  c.f.automation.utils.LoggerUtil - Test passed: testDeleteProduct
2026-05-26 21:32:36.544 [main] INFO  c.f.automation.utils.LoggerUtil - Test started: testDeleteProduct
2026-05-26 21:32:36.545 [main] INFO  c.f.automation.utils.LoggerUtil - ========== Test: Delete Product ==========
2026-05-26 21:32:36.545 [main] INFO  c.f.automation.utils.LoggerUtil - Test Data: {TestCase=TC2, ProductId=5}
2026-05-26 21:32:36.545 [main] INFO  c.f.automation.utils.LoggerUtil - Executing Test Case: TC2
2026-05-26 21:32:36.545 [main] INFO  c.f.automation.utils.LoggerUtil - Deleting Product ID: 5
2026-05-26 21:32:36.545 [main] INFO  c.f.automation.utils.LoggerUtil - Deleting product with ID: 5
2026-05-26 21:32:36.545 [main] DEBUG c.f.automation.utils.LoggerUtil - URL after placeholder substitution: /products/5
2026-05-26 21:32:36.547 [main] INFO  c.f.automation.utils.LoggerUtil - Sending HTTP Request --> DELETE https://fakestoreapi.com/products/5
2026-05-26 21:32:36.547 [main] DEBUG c.f.automation.utils.LoggerUtil - REST call timeout configured: 5 minutes
2026-05-26 21:32:36.547 [main] INFO  c.f.automation.utils.LoggerUtil - Headers: {Accept=application/json, Content-Type=application/json}
2026-05-26 21:32:37.016 [main] INFO  c.f.automation.utils.LoggerUtil - Response Code: 200
2026-05-26 21:32:37.016 [main] INFO  c.f.automation.utils.LoggerUtil - Response Time: 0 seconds
2026-05-26 21:32:37.016 [main] INFO  c.f.automation.utils.LoggerUtil - Response Code: 200
2026-05-26 21:32:37.017 [main] INFO  c.f.automation.utils.LoggerUtil - Response Body: {"id":5,"title":"John Hardy Women's Legends Naga Gold & Silver Dragon Station Chain Bracelet","price":695,"description":"From our Legends Collection, the Naga was inspired by the mythical water dragon that protects the ocean's pearl. Wear facing inward to be bestowed with love and abundance, or outward for protection.","category":"jewelery","image":"https://fakestoreapi.com/img/71pWzhdJNwL._AC_UL640_QL65_ML3_t.png","rating":{"rate":4.6,"count":400}}
2026-05-26 21:32:37.017 [main] INFO  c.f.automation.utils.LoggerUtil - ✓ Status Code Validation PASSED: Response code 200 is a success code
2026-05-26 21:32:37.017 [main] INFO  c.f.automation.utils.LoggerUtil - ✓ Response Body Validation PASSED: Contains 'id' field
2026-05-26 21:32:37.017 [main] INFO  c.f.automation.utils.LoggerUtil - ✓ Response Structure Validation PASSED: Valid JSON format
2026-05-26 21:32:37.017 [main] INFO  c.f.automation.utils.LoggerUtil - ✓ Product ID Validation PASSED: ID matches deleted product (5)
2026-05-26 21:32:37.017 [main] INFO  c.f.automation.utils.LoggerUtil - ========== Test Completed: TC2 ==========
2026-05-26 21:32:37.017 [main] INFO  c.f.automation.utils.LoggerUtil - Test passed: testDeleteProduct
2026-05-26 21:32:37.019 [main] INFO  c.f.automation.utils.LoggerUtil - Test started: testDeleteProduct
2026-05-26 21:32:37.020 [main] INFO  c.f.automation.utils.LoggerUtil - ========== Test: Delete Product ==========
2026-05-26 21:32:37.020 [main] INFO  c.f.automation.utils.LoggerUtil - Test Data: {TestCase=TC3, ProductId=20}
2026-05-26 21:32:37.020 [main] INFO  c.f.automation.utils.LoggerUtil - Executing Test Case: TC3
2026-05-26 21:32:37.020 [main] INFO  c.f.automation.utils.LoggerUtil - Deleting Product ID: 20
2026-05-26 21:32:37.020 [main] INFO  c.f.automation.utils.LoggerUtil - Deleting product with ID: 20
2026-05-26 21:32:37.020 [main] DEBUG c.f.automation.utils.LoggerUtil - URL after placeholder substitution: /products/20
2026-05-26 21:32:37.020 [main] INFO  c.f.automation.utils.LoggerUtil - Sending HTTP Request --> DELETE https://fakestoreapi.com/products/20
2026-05-26 21:32:37.020 [main] DEBUG c.f.automation.utils.LoggerUtil - REST call timeout configured: 5 minutes
2026-05-26 21:32:37.020 [main] INFO  c.f.automation.utils.LoggerUtil - Headers: {Accept=application/json, Content-Type=application/json}
2026-05-26 21:32:38.062 [main] INFO  c.f.automation.utils.LoggerUtil - Response Code: 200
2026-05-26 21:32:38.063 [main] INFO  c.f.automation.utils.LoggerUtil - Response Time: 1 seconds
2026-05-26 21:32:38.065 [main] INFO  c.f.automation.utils.LoggerUtil - Response Code: 200
2026-05-26 21:32:38.065 [main] INFO  c.f.automation.utils.LoggerUtil - Response Body: {"id":20,"title":"DANVOUY Womens T Shirt Casual Cotton Short","price":12.99,"description":"95%Cotton,5%Spandex, Features: Casual, Short Sleeve, Letter Print,V-Neck,Fashion Tees, The fabric is soft and has some stretch., Occasion: Casual/Office/Beach/School/Home/Street. Season: Spring,Summer,Autumn,Winter.","category":"women's clothing","image":"https://fakestoreapi.com/img/61pHAEJ4NML._AC_UX679_t.png","rating":{"rate":3.6,"count":145}}
2026-05-26 21:32:38.067 [main] INFO  c.f.automation.utils.LoggerUtil - ✓ Status Code Validation PASSED: Response code 200 is a success code
2026-05-26 21:32:38.068 [main] INFO  c.f.automation.utils.LoggerUtil - ✓ Response Body Validation PASSED: Contains 'id' field
2026-05-26 21:32:38.068 [main] INFO  c.f.automation.utils.LoggerUtil - ✓ Response Structure Validation PASSED: Valid JSON format
2026-05-26 21:32:38.069 [main] INFO  c.f.automation.utils.LoggerUtil - ✓ Product ID Validation PASSED: ID matches deleted product (20)
2026-05-26 21:32:38.069 [main] INFO  c.f.automation.utils.LoggerUtil - ========== Test Completed: TC3 ==========
2026-05-26 21:32:38.069 [main] INFO  c.f.automation.utils.LoggerUtil - Test passed: testDeleteProduct
2026-05-26 21:32:38.073 [main] INFO  c.f.automation.utils.LoggerUtil - Test started: testDeleteProduct
2026-05-26 21:32:38.075 [main] INFO  c.f.automation.utils.LoggerUtil - ========== Test: Delete Product ==========
2026-05-26 21:32:38.075 [main] INFO  c.f.automation.utils.LoggerUtil - Test Data: {TestCase=TC4, ProductId=999}
2026-05-26 21:32:38.076 [main] INFO  c.f.automation.utils.LoggerUtil - Executing Test Case: TC4
2026-05-26 21:32:38.076 [main] INFO  c.f.automation.utils.LoggerUtil - Deleting Product ID: 999
2026-05-26 21:32:38.076 [main] INFO  c.f.automation.utils.LoggerUtil - Deleting product with ID: 999
2026-05-26 21:32:38.076 [main] DEBUG c.f.automation.utils.LoggerUtil - URL after placeholder substitution: /products/999
2026-05-26 21:32:38.076 [main] INFO  c.f.automation.utils.LoggerUtil - Sending HTTP Request --> DELETE https://fakestoreapi.com/products/999
2026-05-26 21:32:38.076 [main] DEBUG c.f.automation.utils.LoggerUtil - REST call timeout configured: 5 minutes
2026-05-26 21:32:38.076 [main] INFO  c.f.automation.utils.LoggerUtil - Headers: {Accept=application/json, Content-Type=application/json}
2026-05-26 21:32:38.540 [main] INFO  c.f.automation.utils.LoggerUtil - Response Code: 200
2026-05-26 21:32:38.541 [main] INFO  c.f.automation.utils.LoggerUtil - Response Time: 0 seconds
2026-05-26 21:32:38.542 [main] INFO  c.f.automation.utils.LoggerUtil - Response Code: 200
2026-05-26 21:32:38.542 [main] INFO  c.f.automation.utils.LoggerUtil - Response Body: 
2026-05-26 21:32:38.543 [main] INFO  c.f.automation.utils.LoggerUtil - ✓ Status Code Validation PASSED: Response code 200 is a success code
2026-05-26 21:32:38.544 [main] INFO  c.f.automation.utils.LoggerUtil - ========== Test Completed: TC4 ==========
2026-05-26 21:32:38.544 [main] INFO  c.f.automation.utils.LoggerUtil - Test passed: testDeleteProduct
2026-05-26 21:32:38.548 [main] INFO  c.f.automation.utils.LoggerUtil - Tearing down ProductTests...
2026-05-26 21:32:38.549 [main] INFO  c.f.automation.utils.LoggerUtil - ProductTests teardown completed
2026-05-26 21:32:38.550 [main] INFO  c.f.automation.utils.LoggerUtil - Test Suite finished: Product_DeleteProduct
2026-05-26 21:32:38.582 [main] INFO  c.f.automation.utils.LoggerUtil - Extent Report flushed successfully
2026-05-26 21:45:16.672 [main] INFO  org.testng.internal.Utils - [TestNG] Running:
  C:\Users\mugn\Documents\NM\fakestoreapi\fakestore-automation\testng.xml

2026-05-26 21:45:16.693 [main] INFO  c.f.automation.utils.LoggerUtil - Test Suite started: Product_AddNewProduct
2026-05-26 21:45:16.708 [main] INFO  c.f.automation.utils.LoggerUtil - Configuration properties loaded successfully
2026-05-26 21:45:16.966 [main] INFO  c.f.automation.utils.LoggerUtil - Extent Report initialized at: test-output/ExtentReports/FakeStoreAPI_TestReport_2026-05-26_21-45-16.html
2026-05-26 21:45:16.995 [main] INFO  c.f.automation.utils.LoggerUtil - Setting up ProductTests...
2026-05-26 21:45:17.337 [main] INFO  c.f.automation.utils.LoggerUtil - ProductTests setup completed
2026-05-26 21:45:17.340 [main] INFO  c.f.automation.utils.LoggerUtil - Loading test data from: ./src/main/resources/testdata/combinedTestData.xlsx:AddNewProduct
2026-05-26 21:45:17.341 [main] INFO  c.f.automation.utils.LoggerUtil - Test data sets filter: ALL
2026-05-26 21:45:17.341 [main] INFO  c.f.automation.utils.LoggerUtil - Excel File: ./src/main/resources/testdata/combinedTestData.xlsx
2026-05-26 21:45:17.341 [main] INFO  c.f.automation.utils.LoggerUtil - Sheet Name: AddNewProduct
2026-05-26 21:45:18.134 [main] INFO  c.f.automation.utils.LoggerUtil - Excel file loaded: ./src/main/resources/testdata/combinedTestData.xlsx
2026-05-26 21:45:18.150 [main] INFO  c.f.automation.utils.LoggerUtil - Total test data rows loaded: 5
2026-05-26 21:45:18.150 [main] INFO  c.f.automation.utils.LoggerUtil - Excel workbook closed
2026-05-26 21:45:18.165 [main] INFO  c.f.automation.utils.LoggerUtil - Test started: testAddNewProduct
2026-05-26 21:45:18.175 [main] INFO  c.f.automation.utils.LoggerUtil - ========== Test: Add New Product ==========
2026-05-26 21:45:18.176 [main] INFO  c.f.automation.utils.LoggerUtil - Test Data: {Description=Automation Product Description, Category=electronics, TestCase=TC1, Price=99, ExpectedTitle=Test Product 1, Title=Test Product 1, Image=https://picsum.photos/id/1/200/300}
2026-05-26 21:45:18.176 [main] INFO  c.f.automation.utils.LoggerUtil - Executing Test Case: TC1
2026-05-26 21:45:18.176 [main] INFO  c.f.automation.utils.LoggerUtil - Product Payload: {image=https://picsum.photos/id/1/200/300, price=99.0, description=Automation Product Description, title=Test Product 1, category=electronics}
2026-05-26 21:45:18.176 [main] INFO  c.f.automation.utils.LoggerUtil - Creating new product
2026-05-26 21:45:18.331 [main] INFO  c.f.automation.utils.LoggerUtil - Sending HTTP Request --> POST https://fakestoreapi.com/products
2026-05-26 21:45:18.331 [main] DEBUG c.f.automation.utils.LoggerUtil - Request Payload: {
  "image" : "https://picsum.photos/id/1/200/300",
  "price" : 99.0,
  "description" : "Automation Product Description",
  "title" : "Test Product 1",
  "category" : "electronics"
}
2026-05-26 21:45:18.331 [main] DEBUG c.f.automation.utils.LoggerUtil - REST call timeout configured: 5 minutes
2026-05-26 21:45:18.331 [main] INFO  c.f.automation.utils.LoggerUtil - Headers: {Accept=application/json, Content-Type=application/json}
2026-05-26 21:45:20.571 [main] INFO  c.f.automation.utils.LoggerUtil - Response Code: 201
2026-05-26 21:45:20.573 [main] INFO  c.f.automation.utils.LoggerUtil - Response Time: 2 seconds
2026-05-26 21:45:20.575 [main] INFO  c.f.automation.utils.LoggerUtil - Response Code: 201
2026-05-26 21:45:20.576 [main] INFO  c.f.automation.utils.LoggerUtil - Response Body: {"id":21,"title":"Test Product 1","price":99,"description":"Automation Product Description","image":"https://picsum.photos/id/1/200/300","category":"electronics"}
2026-05-26 21:45:20.581 [main] INFO  c.f.automation.utils.LoggerUtil - ✓ Status Code Validation PASSED: Response code 201 is a success code
2026-05-26 21:45:20.581 [main] INFO  c.f.automation.utils.LoggerUtil - ✓ Response Body Validation PASSED: Contains 'id' field
2026-05-26 21:45:20.581 [main] INFO  c.f.automation.utils.LoggerUtil - ✓ Response Body Validation PASSED: Contains 'title' field
2026-05-26 21:45:20.581 [main] INFO  c.f.automation.utils.LoggerUtil - ✓ Response Body Validation PASSED: Contains 'price' field
2026-05-26 21:45:20.582 [main] INFO  c.f.automation.utils.LoggerUtil - ✓ Response Structure Validation PASSED: Valid JSON format
2026-05-26 21:45:20.582 [main] INFO  c.f.automation.utils.LoggerUtil - ========== Test Completed: TC1 ==========
2026-05-26 21:45:20.585 [main] INFO  c.f.automation.utils.LoggerUtil - Test passed: testAddNewProduct
2026-05-26 21:45:20.593 [main] INFO  c.f.automation.utils.LoggerUtil - Test started: testAddNewProduct
2026-05-26 21:45:20.594 [main] INFO  c.f.automation.utils.LoggerUtil - ========== Test: Add New Product ==========
2026-05-26 21:45:20.595 [main] INFO  c.f.automation.utils.LoggerUtil - Test Data: {Description=Winter Jacket, Category=men's clothing, TestCase=TC2, Price=120, ExpectedTitle=Men's Jacket, Title=Men's Jacket, Image=https://picsum.photos/id/2/200/300}
2026-05-26 21:45:20.595 [main] INFO  c.f.automation.utils.LoggerUtil - Executing Test Case: TC2
2026-05-26 21:45:20.595 [main] INFO  c.f.automation.utils.LoggerUtil - Product Payload: {image=https://picsum.photos/id/2/200/300, price=120.0, description=Winter Jacket, title=Men's Jacket, category=men's clothing}
2026-05-26 21:45:20.595 [main] INFO  c.f.automation.utils.LoggerUtil - Creating new product
2026-05-26 21:45:20.596 [main] INFO  c.f.automation.utils.LoggerUtil - Sending HTTP Request --> POST https://fakestoreapi.com/products
2026-05-26 21:45:20.596 [main] DEBUG c.f.automation.utils.LoggerUtil - Request Payload: {
  "image" : "https://picsum.photos/id/2/200/300",
  "price" : 120.0,
  "description" : "Winter Jacket",
  "title" : "Men's Jacket",
  "category" : "men's clothing"
}
2026-05-26 21:45:20.597 [main] DEBUG c.f.automation.utils.LoggerUtil - REST call timeout configured: 5 minutes
2026-05-26 21:45:20.597 [main] INFO  c.f.automation.utils.LoggerUtil - Headers: {Accept=application/json, Content-Type=application/json}
2026-05-26 21:45:21.483 [main] INFO  c.f.automation.utils.LoggerUtil - Response Code: 201
2026-05-26 21:45:21.484 [main] INFO  c.f.automation.utils.LoggerUtil - Response Time: 0 seconds
2026-05-26 21:45:21.487 [main] INFO  c.f.automation.utils.LoggerUtil - Response Code: 201
2026-05-26 21:45:21.488 [main] INFO  c.f.automation.utils.LoggerUtil - Response Body: {"id":21,"title":"Men's Jacket","price":120,"description":"Winter Jacket","image":"https://picsum.photos/id/2/200/300","category":"men's clothing"}
2026-05-26 21:45:21.491 [main] INFO  c.f.automation.utils.LoggerUtil - ✓ Status Code Validation PASSED: Response code 201 is a success code
2026-05-26 21:45:21.492 [main] INFO  c.f.automation.utils.LoggerUtil - ✓ Response Body Validation PASSED: Contains 'id' field
2026-05-26 21:45:21.492 [main] INFO  c.f.automation.utils.LoggerUtil - ✓ Response Body Validation PASSED: Contains 'title' field
2026-05-26 21:45:21.493 [main] INFO  c.f.automation.utils.LoggerUtil - ✓ Response Body Validation PASSED: Contains 'price' field
2026-05-26 21:45:21.493 [main] INFO  c.f.automation.utils.LoggerUtil - ✓ Response Structure Validation PASSED: Valid JSON format
2026-05-26 21:45:21.493 [main] INFO  c.f.automation.utils.LoggerUtil - ========== Test Completed: TC2 ==========
2026-05-26 21:45:21.494 [main] INFO  c.f.automation.utils.LoggerUtil - Test passed: testAddNewProduct
2026-05-26 21:45:21.499 [main] INFO  c.f.automation.utils.LoggerUtil - Test started: testAddNewProduct
2026-05-26 21:45:21.501 [main] INFO  c.f.automation.utils.LoggerUtil - ========== Test: Add New Product ==========
2026-05-26 21:45:21.501 [main] INFO  c.f.automation.utils.LoggerUtil - Test Data: {Description=Missing title validation, Category=electronics, TestCase=TC3, Price=50, ExpectedTitle=Empty Title Product, Title=Empty Title Product, Image=https://picsum.photos/id/3/200/300}
2026-05-26 21:45:21.501 [main] INFO  c.f.automation.utils.LoggerUtil - Executing Test Case: TC3
2026-05-26 21:45:21.501 [main] INFO  c.f.automation.utils.LoggerUtil - Product Payload: {image=https://picsum.photos/id/3/200/300, price=50.0, description=Missing title validation, title=Empty Title Product, category=electronics}
2026-05-26 21:45:21.501 [main] INFO  c.f.automation.utils.LoggerUtil - Creating new product
2026-05-26 21:45:21.502 [main] INFO  c.f.automation.utils.LoggerUtil - Sending HTTP Request --> POST https://fakestoreapi.com/products
2026-05-26 21:45:21.502 [main] DEBUG c.f.automation.utils.LoggerUtil - Request Payload: {
  "image" : "https://picsum.photos/id/3/200/300",
  "price" : 50.0,
  "description" : "Missing title validation",
  "title" : "Empty Title Product",
  "category" : "electronics"
}
2026-05-26 21:45:21.502 [main] DEBUG c.f.automation.utils.LoggerUtil - REST call timeout configured: 5 minutes
2026-05-26 21:45:21.503 [main] INFO  c.f.automation.utils.LoggerUtil - Headers: {Accept=application/json, Content-Type=application/json}
2026-05-26 21:45:22.516 [main] INFO  c.f.automation.utils.LoggerUtil - Response Code: 201
2026-05-26 21:45:22.517 [main] INFO  c.f.automation.utils.LoggerUtil - Response Time: 1 seconds
2026-05-26 21:45:22.519 [main] INFO  c.f.automation.utils.LoggerUtil - Response Code: 201
2026-05-26 21:45:22.519 [main] INFO  c.f.automation.utils.LoggerUtil - Response Body: {"id":21,"title":"Empty Title Product","price":50,"description":"Missing title validation","image":"https://picsum.photos/id/3/200/300","category":"electronics"}
2026-05-26 21:45:22.522 [main] INFO  c.f.automation.utils.LoggerUtil - ✓ Status Code Validation PASSED: Response code 201 is a success code
2026-05-26 21:45:22.523 [main] INFO  c.f.automation.utils.LoggerUtil - ✓ Response Body Validation PASSED: Contains 'id' field
2026-05-26 21:45:22.523 [main] INFO  c.f.automation.utils.LoggerUtil - ✓ Response Body Validation PASSED: Contains 'title' field
2026-05-26 21:45:22.523 [main] INFO  c.f.automation.utils.LoggerUtil - ✓ Response Body Validation PASSED: Contains 'price' field
2026-05-26 21:45:22.524 [main] INFO  c.f.automation.utils.LoggerUtil - ✓ Response Structure Validation PASSED: Valid JSON format
2026-05-26 21:45:22.524 [main] INFO  c.f.automation.utils.LoggerUtil - ========== Test Completed: TC3 ==========
2026-05-26 21:45:22.525 [main] INFO  c.f.automation.utils.LoggerUtil - Test passed: testAddNewProduct
2026-05-26 21:45:22.529 [main] INFO  c.f.automation.utils.LoggerUtil - Test started: testAddNewProduct
2026-05-26 21:45:22.531 [main] INFO  c.f.automation.utils.LoggerUtil - ========== Test: Add New Product ==========
2026-05-26 21:45:22.531 [main] INFO  c.f.automation.utils.LoggerUtil - Test Data: {Description=Negative price validation, Category=electronics, TestCase=TC4, Price=-10, ExpectedTitle=Invalid Price Product, Title=Invalid Price Product, Image=https://picsum.photos/id/4/200/300}
2026-05-26 21:45:22.532 [main] INFO  c.f.automation.utils.LoggerUtil - Executing Test Case: TC4
2026-05-26 21:45:22.532 [main] INFO  c.f.automation.utils.LoggerUtil - Product Payload: {image=https://picsum.photos/id/4/200/300, price=-10.0, description=Negative price validation, title=Invalid Price Product, category=electronics}
2026-05-26 21:45:22.532 [main] INFO  c.f.automation.utils.LoggerUtil - Creating new product
2026-05-26 21:45:22.532 [main] INFO  c.f.automation.utils.LoggerUtil - Sending HTTP Request --> POST https://fakestoreapi.com/products
2026-05-26 21:45:22.532 [main] DEBUG c.f.automation.utils.LoggerUtil - Request Payload: {
  "image" : "https://picsum.photos/id/4/200/300",
  "price" : -10.0,
  "description" : "Negative price validation",
  "title" : "Invalid Price Product",
  "category" : "electronics"
}
2026-05-26 21:45:22.533 [main] DEBUG c.f.automation.utils.LoggerUtil - REST call timeout configured: 5 minutes
2026-05-26 21:45:22.533 [main] INFO  c.f.automation.utils.LoggerUtil - Headers: {Accept=application/json, Content-Type=application/json}
2026-05-26 21:45:23.356 [main] INFO  c.f.automation.utils.LoggerUtil - Response Code: 201
2026-05-26 21:45:23.357 [main] INFO  c.f.automation.utils.LoggerUtil - Response Time: 0 seconds
2026-05-26 21:45:23.359 [main] INFO  c.f.automation.utils.LoggerUtil - Response Code: 201
2026-05-26 21:45:23.360 [main] INFO  c.f.automation.utils.LoggerUtil - Response Body: {"id":21,"title":"Invalid Price Product","price":-10,"description":"Negative price validation","image":"https://picsum.photos/id/4/200/300","category":"electronics"}
2026-05-26 21:45:23.362 [main] INFO  c.f.automation.utils.LoggerUtil - ✓ Status Code Validation PASSED: Response code 201 is a success code
2026-05-26 21:45:23.363 [main] INFO  c.f.automation.utils.LoggerUtil - ✓ Response Body Validation PASSED: Contains 'id' field
2026-05-26 21:45:23.363 [main] INFO  c.f.automation.utils.LoggerUtil - ✓ Response Body Validation PASSED: Contains 'title' field
2026-05-26 21:45:23.364 [main] INFO  c.f.automation.utils.LoggerUtil - ✓ Response Body Validation PASSED: Contains 'price' field
2026-05-26 21:45:23.364 [main] INFO  c.f.automation.utils.LoggerUtil - ✓ Response Structure Validation PASSED: Valid JSON format
2026-05-26 21:45:23.365 [main] INFO  c.f.automation.utils.LoggerUtil - ========== Test Completed: TC4 ==========
2026-05-26 21:45:23.366 [main] INFO  c.f.automation.utils.LoggerUtil - Test passed: testAddNewProduct
2026-05-26 21:45:23.374 [main] INFO  c.f.automation.utils.LoggerUtil - Test started: testAddNewProduct
2026-05-26 21:45:23.375 [main] INFO  c.f.automation.utils.LoggerUtil - ========== Test: Add New Product ==========
2026-05-26 21:45:23.375 [main] INFO  c.f.automation.utils.LoggerUtil - Test Data: {Description=Very long description for API payload validation testing, Category=jewelery, TestCase=TC5, Price=999, ExpectedTitle=Long Description Product, Title=Long Description Product, Image=https://picsum.photos/id/5/200/300}
2026-05-26 21:45:23.375 [main] INFO  c.f.automation.utils.LoggerUtil - Executing Test Case: TC5
2026-05-26 21:45:23.375 [main] INFO  c.f.automation.utils.LoggerUtil - Product Payload: {image=https://picsum.photos/id/5/200/300, price=999.0, description=Very long description for API payload validation testing, title=Long Description Product, category=jewelery}
2026-05-26 21:45:23.375 [main] INFO  c.f.automation.utils.LoggerUtil - Creating new product
2026-05-26 21:45:23.376 [main] INFO  c.f.automation.utils.LoggerUtil - Sending HTTP Request --> POST https://fakestoreapi.com/products
2026-05-26 21:45:23.376 [main] DEBUG c.f.automation.utils.LoggerUtil - Request Payload: {
  "image" : "https://picsum.photos/id/5/200/300",
  "price" : 999.0,
  "description" : "Very long description for API payload validation testing",
  "title" : "Long Description Product",
  "category" : "jewelery"
}
2026-05-26 21:45:23.376 [main] DEBUG c.f.automation.utils.LoggerUtil - REST call timeout configured: 5 minutes
2026-05-26 21:45:23.376 [main] INFO  c.f.automation.utils.LoggerUtil - Headers: {Accept=application/json, Content-Type=application/json}
2026-05-26 21:45:23.923 [main] INFO  c.f.automation.utils.LoggerUtil - Response Code: 201
2026-05-26 21:45:23.924 [main] INFO  c.f.automation.utils.LoggerUtil - Response Time: 0 seconds
2026-05-26 21:45:23.925 [main] INFO  c.f.automation.utils.LoggerUtil - Response Code: 201
2026-05-26 21:45:23.926 [main] INFO  c.f.automation.utils.LoggerUtil - Response Body: {"id":21,"title":"Long Description Product","price":999,"description":"Very long description for API payload validation testing","image":"https://picsum.photos/id/5/200/300","category":"jewelery"}
2026-05-26 21:45:23.928 [main] INFO  c.f.automation.utils.LoggerUtil - ✓ Status Code Validation PASSED: Response code 201 is a success code
2026-05-26 21:45:23.929 [main] INFO  c.f.automation.utils.LoggerUtil - ✓ Response Body Validation PASSED: Contains 'id' field
2026-05-26 21:45:23.930 [main] INFO  c.f.automation.utils.LoggerUtil - ✓ Response Body Validation PASSED: Contains 'title' field
2026-05-26 21:45:23.930 [main] INFO  c.f.automation.utils.LoggerUtil - ✓ Response Body Validation PASSED: Contains 'price' field
2026-05-26 21:45:23.930 [main] INFO  c.f.automation.utils.LoggerUtil - ✓ Response Structure Validation PASSED: Valid JSON format
2026-05-26 21:45:23.930 [main] INFO  c.f.automation.utils.LoggerUtil - ========== Test Completed: TC5 ==========
2026-05-26 21:45:23.931 [main] INFO  c.f.automation.utils.LoggerUtil - Test passed: testAddNewProduct
2026-05-26 21:45:23.937 [main] INFO  c.f.automation.utils.LoggerUtil - Tearing down ProductTests...
2026-05-26 21:45:23.938 [main] INFO  c.f.automation.utils.LoggerUtil - ProductTests teardown completed
2026-05-26 21:45:23.941 [main] INFO  c.f.automation.utils.LoggerUtil - Test Suite finished: Product_AddNewProduct
2026-05-26 21:45:24.231 [main] INFO  c.f.automation.utils.LoggerUtil - Extent Report flushed successfully
2026-05-26 21:45:24.268 [main] INFO  c.f.automation.utils.LoggerUtil - Test Suite started: Product_UpdateProduct
2026-05-26 21:45:24.269 [main] INFO  c.f.automation.utils.LoggerUtil - Setting up ProductTests...
2026-05-26 21:45:24.270 [main] INFO  c.f.automation.utils.LoggerUtil - ProductTests setup completed
2026-05-26 21:45:24.270 [main] INFO  c.f.automation.utils.LoggerUtil - Loading test data from: ./src/main/resources/testdata/combinedTestData.xlsx:UpdateProduct
2026-05-26 21:45:24.271 [main] INFO  c.f.automation.utils.LoggerUtil - Test data sets filter: ALL
2026-05-26 21:45:24.271 [main] INFO  c.f.automation.utils.LoggerUtil - Excel File: ./src/main/resources/testdata/combinedTestData.xlsx
2026-05-26 21:45:24.271 [main] INFO  c.f.automation.utils.LoggerUtil - Sheet Name: UpdateProduct
2026-05-26 21:45:24.348 [main] INFO  c.f.automation.utils.LoggerUtil - Excel file loaded: ./src/main/resources/testdata/combinedTestData.xlsx
2026-05-26 21:45:24.350 [main] INFO  c.f.automation.utils.LoggerUtil - Total test data rows loaded: 3
2026-05-26 21:45:24.350 [main] INFO  c.f.automation.utils.LoggerUtil - Excel workbook closed
2026-05-26 21:45:24.352 [main] INFO  c.f.automation.utils.LoggerUtil - Test started: testUpdateProduct
2026-05-26 21:45:24.353 [main] INFO  c.f.automation.utils.LoggerUtil - ========== Test: Update Product ==========
2026-05-26 21:45:24.354 [main] INFO  c.f.automation.utils.LoggerUtil - Test Data: {UpdatedDescription=Updated description, UpdatedImage=https://i.pravatar.cc, TestCase=TC1, UpdatedTitle=Updated Product 1, UpdatedPrice=199, ProductId=1, UpdatedCategory=electronics}
2026-05-26 21:45:24.354 [main] INFO  c.f.automation.utils.LoggerUtil - Executing Test Case: TC1
2026-05-26 21:45:24.356 [main] INFO  c.f.automation.utils.LoggerUtil - Updating Product ID: 1
2026-05-26 21:45:24.356 [main] INFO  c.f.automation.utils.LoggerUtil - Product Update Payload: {image=https://i.pravatar.cc, price=199.0, description=Updated description, title=Updated Product 1, category=electronics}
2026-05-26 21:45:24.357 [main] INFO  c.f.automation.utils.LoggerUtil - ✓ Payload Data Validation PASSED: All required fields have values
2026-05-26 21:45:24.358 [main] INFO  c.f.automation.utils.LoggerUtil - Updating product with ID: 1
2026-05-26 21:45:24.358 [main] DEBUG c.f.automation.utils.LoggerUtil - URL after placeholder substitution: /products/1
2026-05-26 21:45:24.359 [main] INFO  c.f.automation.utils.LoggerUtil - Sending HTTP Request --> PUT https://fakestoreapi.com/products/1
2026-05-26 21:45:24.359 [main] DEBUG c.f.automation.utils.LoggerUtil - Request Payload: {
  "image" : "https://i.pravatar.cc",
  "price" : 199.0,
  "description" : "Updated description",
  "title" : "Updated Product 1",
  "category" : "electronics"
}
2026-05-26 21:45:24.359 [main] DEBUG c.f.automation.utils.LoggerUtil - REST call timeout configured: 5 minutes
2026-05-26 21:45:24.359 [main] INFO  c.f.automation.utils.LoggerUtil - Headers: {Accept=application/json, Content-Type=application/json}
2026-05-26 21:45:25.038 [main] INFO  c.f.automation.utils.LoggerUtil - Response Code: 200
2026-05-26 21:45:25.038 [main] INFO  c.f.automation.utils.LoggerUtil - Response Time: 0 seconds
2026-05-26 21:45:25.039 [main] INFO  c.f.automation.utils.LoggerUtil - Response Code: 200
2026-05-26 21:45:25.039 [main] INFO  c.f.automation.utils.LoggerUtil - Response Body: {"id":1,"title":"Updated Product 1","price":199,"description":"Updated description","image":"https://i.pravatar.cc","category":"electronics"}
2026-05-26 21:45:25.040 [main] INFO  c.f.automation.utils.LoggerUtil - ✓ Status Code Validation PASSED: Response code 200 is a success code
2026-05-26 21:45:25.041 [main] INFO  c.f.automation.utils.LoggerUtil - ✓ Response Body Validation PASSED: Contains 'id' field
2026-05-26 21:45:25.041 [main] INFO  c.f.automation.utils.LoggerUtil - ✓ Response Body Validation PASSED: Contains 'title' field
2026-05-26 21:45:25.041 [main] INFO  c.f.automation.utils.LoggerUtil - ✓ Response Body Validation PASSED: Contains 'price' field
2026-05-26 21:45:25.041 [main] INFO  c.f.automation.utils.LoggerUtil - ✓ Response Structure Validation PASSED: Valid JSON format
2026-05-26 21:45:25.041 [main] INFO  c.f.automation.utils.LoggerUtil - ✓ Product ID Validation PASSED: ID matches requested product (1)
2026-05-26 21:45:25.042 [main] INFO  c.f.automation.utils.LoggerUtil - ✓ Updated Title Validation PASSED: Response contains 'Updated Product 1'
2026-05-26 21:45:25.044 [main] INFO  c.f.automation.utils.LoggerUtil - ✓ Updated Price Validation PASSED: Response contains price '199.0'
2026-05-26 21:45:25.044 [main] INFO  c.f.automation.utils.LoggerUtil - ✓ Updated Description Validation PASSED: Response contains description
2026-05-26 21:45:25.044 [main] INFO  c.f.automation.utils.LoggerUtil - ========== Test Completed: TC1 ==========
2026-05-26 21:45:25.045 [main] INFO  c.f.automation.utils.LoggerUtil - Test passed: testUpdateProduct
2026-05-26 21:45:25.048 [main] INFO  c.f.automation.utils.LoggerUtil - Test started: testUpdateProduct
2026-05-26 21:45:25.048 [main] INFO  c.f.automation.utils.LoggerUtil - ========== Test: Update Product ==========
2026-05-26 21:45:25.048 [main] INFO  c.f.automation.utils.LoggerUtil - Test Data: {UpdatedDescription=Updated winter jacket, UpdatedImage=https://i.pravatar.cc, TestCase=TC2, UpdatedTitle=Updated Jacket, UpdatedPrice=250, ProductId=2, UpdatedCategory=men's clothing}
2026-05-26 21:45:25.048 [main] INFO  c.f.automation.utils.LoggerUtil - Executing Test Case: TC2
2026-05-26 21:45:25.048 [main] INFO  c.f.automation.utils.LoggerUtil - Updating Product ID: 2
2026-05-26 21:45:25.048 [main] INFO  c.f.automation.utils.LoggerUtil - Product Update Payload: {image=https://i.pravatar.cc, price=250.0, description=Updated winter jacket, title=Updated Jacket, category=men's clothing}
2026-05-26 21:45:25.049 [main] INFO  c.f.automation.utils.LoggerUtil - ✓ Payload Data Validation PASSED: All required fields have values
2026-05-26 21:45:25.049 [main] INFO  c.f.automation.utils.LoggerUtil - Updating product with ID: 2
2026-05-26 21:45:25.049 [main] DEBUG c.f.automation.utils.LoggerUtil - URL after placeholder substitution: /products/2
2026-05-26 21:45:25.049 [main] INFO  c.f.automation.utils.LoggerUtil - Sending HTTP Request --> PUT https://fakestoreapi.com/products/2
2026-05-26 21:45:25.049 [main] DEBUG c.f.automation.utils.LoggerUtil - Request Payload: {
  "image" : "https://i.pravatar.cc",
  "price" : 250.0,
  "description" : "Updated winter jacket",
  "title" : "Updated Jacket",
  "category" : "men's clothing"
}
2026-05-26 21:45:25.049 [main] DEBUG c.f.automation.utils.LoggerUtil - REST call timeout configured: 5 minutes
2026-05-26 21:45:25.049 [main] INFO  c.f.automation.utils.LoggerUtil - Headers: {Accept=application/json, Content-Type=application/json}
2026-05-26 21:45:25.471 [main] INFO  c.f.automation.utils.LoggerUtil - Response Code: 200
2026-05-26 21:45:25.471 [main] INFO  c.f.automation.utils.LoggerUtil - Response Time: 0 seconds
2026-05-26 21:45:25.472 [main] INFO  c.f.automation.utils.LoggerUtil - Response Code: 200
2026-05-26 21:45:25.472 [main] INFO  c.f.automation.utils.LoggerUtil - Response Body: {"id":2,"title":"Updated Jacket","price":250,"description":"Updated winter jacket","image":"https://i.pravatar.cc","category":"men's clothing"}
2026-05-26 21:45:25.473 [main] INFO  c.f.automation.utils.LoggerUtil - ✓ Status Code Validation PASSED: Response code 200 is a success code
2026-05-26 21:45:25.474 [main] INFO  c.f.automation.utils.LoggerUtil - ✓ Response Body Validation PASSED: Contains 'id' field
2026-05-26 21:45:25.474 [main] INFO  c.f.automation.utils.LoggerUtil - ✓ Response Body Validation PASSED: Contains 'title' field
2026-05-26 21:45:25.474 [main] INFO  c.f.automation.utils.LoggerUtil - ✓ Response Body Validation PASSED: Contains 'price' field
2026-05-26 21:45:25.474 [main] INFO  c.f.automation.utils.LoggerUtil - ✓ Response Structure Validation PASSED: Valid JSON format
2026-05-26 21:45:25.474 [main] INFO  c.f.automation.utils.LoggerUtil - ✓ Product ID Validation PASSED: ID matches requested product (2)
2026-05-26 21:45:25.475 [main] INFO  c.f.automation.utils.LoggerUtil - ✓ Updated Title Validation PASSED: Response contains 'Updated Jacket'
2026-05-26 21:45:25.475 [main] INFO  c.f.automation.utils.LoggerUtil - ✓ Updated Price Validation PASSED: Response contains price '250.0'
2026-05-26 21:45:25.475 [main] INFO  c.f.automation.utils.LoggerUtil - ✓ Updated Description Validation PASSED: Response contains description
2026-05-26 21:45:25.475 [main] INFO  c.f.automation.utils.LoggerUtil - ========== Test Completed: TC2 ==========
2026-05-26 21:45:25.475 [main] INFO  c.f.automation.utils.LoggerUtil - Test passed: testUpdateProduct
2026-05-26 21:45:25.480 [main] INFO  c.f.automation.utils.LoggerUtil - Test started: testUpdateProduct
2026-05-26 21:45:25.481 [main] INFO  c.f.automation.utils.LoggerUtil - ========== Test: Update Product ==========
2026-05-26 21:45:25.481 [main] INFO  c.f.automation.utils.LoggerUtil - Test Data: {UpdatedDescription=Zero price validation, UpdatedImage=https://i.pravatar.cc, TestCase=TC3, UpdatedTitle=Updated Jewelery, UpdatedPrice=0, ProductId=3, UpdatedCategory=jewelery}
2026-05-26 21:45:25.481 [main] INFO  c.f.automation.utils.LoggerUtil - Executing Test Case: TC3
2026-05-26 21:45:25.481 [main] INFO  c.f.automation.utils.LoggerUtil - Updating Product ID: 3
2026-05-26 21:45:25.482 [main] INFO  c.f.automation.utils.LoggerUtil - Product Update Payload: {image=https://i.pravatar.cc, price=0.0, description=Zero price validation, title=Updated Jewelery, category=jewelery}
2026-05-26 21:45:25.482 [main] INFO  c.f.automation.utils.LoggerUtil - ✓ Payload Data Validation PASSED: All required fields have values
2026-05-26 21:45:25.482 [main] INFO  c.f.automation.utils.LoggerUtil - Updating product with ID: 3
2026-05-26 21:45:25.482 [main] DEBUG c.f.automation.utils.LoggerUtil - URL after placeholder substitution: /products/3
2026-05-26 21:45:25.482 [main] INFO  c.f.automation.utils.LoggerUtil - Sending HTTP Request --> PUT https://fakestoreapi.com/products/3
2026-05-26 21:45:25.482 [main] DEBUG c.f.automation.utils.LoggerUtil - Request Payload: {
  "image" : "https://i.pravatar.cc",
  "price" : 0.0,
  "description" : "Zero price validation",
  "title" : "Updated Jewelery",
  "category" : "jewelery"
}
2026-05-26 21:45:25.483 [main] DEBUG c.f.automation.utils.LoggerUtil - REST call timeout configured: 5 minutes
2026-05-26 21:45:25.483 [main] INFO  c.f.automation.utils.LoggerUtil - Headers: {Accept=application/json, Content-Type=application/json}
2026-05-26 21:45:26.281 [main] INFO  c.f.automation.utils.LoggerUtil - Response Code: 200
2026-05-26 21:45:26.281 [main] INFO  c.f.automation.utils.LoggerUtil - Response Time: 0 seconds
2026-05-26 21:45:26.282 [main] INFO  c.f.automation.utils.LoggerUtil - Response Code: 200
2026-05-26 21:45:26.282 [main] INFO  c.f.automation.utils.LoggerUtil - Response Body: {"id":3,"title":"Updated Jewelery","price":0,"description":"Zero price validation","image":"https://i.pravatar.cc","category":"jewelery"}
2026-05-26 21:45:26.282 [main] INFO  c.f.automation.utils.LoggerUtil - ✓ Status Code Validation PASSED: Response code 200 is a success code
2026-05-26 21:45:26.282 [main] INFO  c.f.automation.utils.LoggerUtil - ✓ Response Body Validation PASSED: Contains 'id' field
2026-05-26 21:45:26.282 [main] INFO  c.f.automation.utils.LoggerUtil - ✓ Response Body Validation PASSED: Contains 'title' field
2026-05-26 21:45:26.282 [main] INFO  c.f.automation.utils.LoggerUtil - ✓ Response Body Validation PASSED: Contains 'price' field
2026-05-26 21:45:26.282 [main] INFO  c.f.automation.utils.LoggerUtil - ✓ Response Structure Validation PASSED: Valid JSON format
2026-05-26 21:45:26.282 [main] INFO  c.f.automation.utils.LoggerUtil - ✓ Product ID Validation PASSED: ID matches requested product (3)
2026-05-26 21:45:26.283 [main] INFO  c.f.automation.utils.LoggerUtil - ✓ Updated Title Validation PASSED: Response contains 'Updated Jewelery'
2026-05-26 21:45:26.283 [main] INFO  c.f.automation.utils.LoggerUtil - ✓ Updated Price Validation PASSED: Response contains price '0.0'
2026-05-26 21:45:26.283 [main] INFO  c.f.automation.utils.LoggerUtil - ✓ Updated Description Validation PASSED: Response contains description
2026-05-26 21:45:26.283 [main] INFO  c.f.automation.utils.LoggerUtil - ========== Test Completed: TC3 ==========
2026-05-26 21:45:26.283 [main] INFO  c.f.automation.utils.LoggerUtil - Test passed: testUpdateProduct
2026-05-26 21:45:26.286 [main] INFO  c.f.automation.utils.LoggerUtil - Tearing down ProductTests...
2026-05-26 21:45:26.286 [main] INFO  c.f.automation.utils.LoggerUtil - ProductTests teardown completed
2026-05-26 21:45:26.287 [main] INFO  c.f.automation.utils.LoggerUtil - Test Suite finished: Product_UpdateProduct
2026-05-26 21:45:26.316 [main] INFO  c.f.automation.utils.LoggerUtil - Extent Report flushed successfully
2026-05-26 21:45:26.330 [main] INFO  c.f.automation.utils.LoggerUtil - Test Suite started: Product_DeleteProduct
2026-05-26 21:45:26.331 [main] INFO  c.f.automation.utils.LoggerUtil - Setting up ProductTests...
2026-05-26 21:45:26.331 [main] INFO  c.f.automation.utils.LoggerUtil - ProductTests setup completed
2026-05-26 21:45:26.331 [main] INFO  c.f.automation.utils.LoggerUtil - Loading test data from: ./src/main/resources/testdata/combinedTestData.xlsx:DeleteProduct
2026-05-26 21:45:26.333 [main] INFO  c.f.automation.utils.LoggerUtil - Test data sets filter: ALL
2026-05-26 21:45:26.333 [main] INFO  c.f.automation.utils.LoggerUtil - Excel File: ./src/main/resources/testdata/combinedTestData.xlsx
2026-05-26 21:45:26.333 [main] INFO  c.f.automation.utils.LoggerUtil - Sheet Name: DeleteProduct
2026-05-26 21:45:26.429 [main] INFO  c.f.automation.utils.LoggerUtil - Excel file loaded: ./src/main/resources/testdata/combinedTestData.xlsx
2026-05-26 21:45:26.429 [main] INFO  c.f.automation.utils.LoggerUtil - Total test data rows loaded: 4
2026-05-26 21:45:26.429 [main] INFO  c.f.automation.utils.LoggerUtil - Excel workbook closed
2026-05-26 21:45:26.434 [main] INFO  c.f.automation.utils.LoggerUtil - Test started: testDeleteProduct
2026-05-26 21:45:26.434 [main] INFO  c.f.automation.utils.LoggerUtil - ========== Test: Delete Product ==========
2026-05-26 21:45:26.434 [main] INFO  c.f.automation.utils.LoggerUtil - Test Data: {TestCase=TC1, ProductId=1}
2026-05-26 21:45:26.434 [main] INFO  c.f.automation.utils.LoggerUtil - Executing Test Case: TC1
2026-05-26 21:45:26.434 [main] INFO  c.f.automation.utils.LoggerUtil - Deleting Product ID: 1
2026-05-26 21:45:26.436 [main] INFO  c.f.automation.utils.LoggerUtil - Deleting product with ID: 1
2026-05-26 21:45:26.436 [main] DEBUG c.f.automation.utils.LoggerUtil - URL after placeholder substitution: /products/1
2026-05-26 21:45:26.436 [main] INFO  c.f.automation.utils.LoggerUtil - Sending HTTP Request --> DELETE https://fakestoreapi.com/products/1
2026-05-26 21:45:26.436 [main] DEBUG c.f.automation.utils.LoggerUtil - REST call timeout configured: 5 minutes
2026-05-26 21:45:26.436 [main] INFO  c.f.automation.utils.LoggerUtil - Headers: {Accept=application/json, Content-Type=application/json}
2026-05-26 21:45:26.894 [main] INFO  c.f.automation.utils.LoggerUtil - Response Code: 200
2026-05-26 21:45:26.894 [main] INFO  c.f.automation.utils.LoggerUtil - Response Time: 0 seconds
2026-05-26 21:45:26.895 [main] INFO  c.f.automation.utils.LoggerUtil - Response Code: 200
2026-05-26 21:45:26.895 [main] INFO  c.f.automation.utils.LoggerUtil - Response Body: {"id":1,"title":"Fjallraven - Foldsack No. 1 Backpack, Fits 15 Laptops","price":109.95,"description":"Your perfect pack for everyday use and walks in the forest. Stash your laptop (up to 15 inches) in the padded sleeve, your everyday","category":"men's clothing","image":"https://fakestoreapi.com/img/81fPKd-2AYL._AC_SL1500_t.png","rating":{"rate":3.9,"count":120}}
2026-05-26 21:45:26.896 [main] INFO  c.f.automation.utils.LoggerUtil - ✓ Status Code Validation PASSED: Response code 200 is a success code
2026-05-26 21:45:26.896 [main] INFO  c.f.automation.utils.LoggerUtil - ✓ Response Body Validation PASSED: Contains 'id' field
2026-05-26 21:45:26.896 [main] INFO  c.f.automation.utils.LoggerUtil - ✓ Response Structure Validation PASSED: Valid JSON format
2026-05-26 21:45:26.896 [main] INFO  c.f.automation.utils.LoggerUtil - ✓ Product ID Validation PASSED: ID matches deleted product (1)
2026-05-26 21:45:26.896 [main] INFO  c.f.automation.utils.LoggerUtil - ========== Test Completed: TC1 ==========
2026-05-26 21:45:26.896 [main] INFO  c.f.automation.utils.LoggerUtil - Test passed: testDeleteProduct
2026-05-26 21:45:26.900 [main] INFO  c.f.automation.utils.LoggerUtil - Test started: testDeleteProduct
2026-05-26 21:45:26.900 [main] INFO  c.f.automation.utils.LoggerUtil - ========== Test: Delete Product ==========
2026-05-26 21:45:26.900 [main] INFO  c.f.automation.utils.LoggerUtil - Test Data: {TestCase=TC2, ProductId=5}
2026-05-26 21:45:26.900 [main] INFO  c.f.automation.utils.LoggerUtil - Executing Test Case: TC2
2026-05-26 21:45:26.901 [main] INFO  c.f.automation.utils.LoggerUtil - Deleting Product ID: 5
2026-05-26 21:45:26.901 [main] INFO  c.f.automation.utils.LoggerUtil - Deleting product with ID: 5
2026-05-26 21:45:26.901 [main] DEBUG c.f.automation.utils.LoggerUtil - URL after placeholder substitution: /products/5
2026-05-26 21:45:26.901 [main] INFO  c.f.automation.utils.LoggerUtil - Sending HTTP Request --> DELETE https://fakestoreapi.com/products/5
2026-05-26 21:45:26.901 [main] DEBUG c.f.automation.utils.LoggerUtil - REST call timeout configured: 5 minutes
2026-05-26 21:45:26.903 [main] INFO  c.f.automation.utils.LoggerUtil - Headers: {Accept=application/json, Content-Type=application/json}
2026-05-26 21:45:27.368 [main] INFO  c.f.automation.utils.LoggerUtil - Response Code: 200
2026-05-26 21:45:27.368 [main] INFO  c.f.automation.utils.LoggerUtil - Response Time: 0 seconds
2026-05-26 21:45:27.369 [main] INFO  c.f.automation.utils.LoggerUtil - Response Code: 200
2026-05-26 21:45:27.369 [main] INFO  c.f.automation.utils.LoggerUtil - Response Body: {"id":5,"title":"John Hardy Women's Legends Naga Gold & Silver Dragon Station Chain Bracelet","price":695,"description":"From our Legends Collection, the Naga was inspired by the mythical water dragon that protects the ocean's pearl. Wear facing inward to be bestowed with love and abundance, or outward for protection.","category":"jewelery","image":"https://fakestoreapi.com/img/71pWzhdJNwL._AC_UL640_QL65_ML3_t.png","rating":{"rate":4.6,"count":400}}
2026-05-26 21:45:27.369 [main] INFO  c.f.automation.utils.LoggerUtil - ✓ Status Code Validation PASSED: Response code 200 is a success code
2026-05-26 21:45:27.369 [main] INFO  c.f.automation.utils.LoggerUtil - ✓ Response Body Validation PASSED: Contains 'id' field
2026-05-26 21:45:27.369 [main] INFO  c.f.automation.utils.LoggerUtil - ✓ Response Structure Validation PASSED: Valid JSON format
2026-05-26 21:45:27.370 [main] INFO  c.f.automation.utils.LoggerUtil - ✓ Product ID Validation PASSED: ID matches deleted product (5)
2026-05-26 21:45:27.370 [main] INFO  c.f.automation.utils.LoggerUtil - ========== Test Completed: TC2 ==========
2026-05-26 21:45:27.370 [main] INFO  c.f.automation.utils.LoggerUtil - Test passed: testDeleteProduct
2026-05-26 21:45:27.373 [main] INFO  c.f.automation.utils.LoggerUtil - Test started: testDeleteProduct
2026-05-26 21:45:27.373 [main] INFO  c.f.automation.utils.LoggerUtil - ========== Test: Delete Product ==========
2026-05-26 21:45:27.373 [main] INFO  c.f.automation.utils.LoggerUtil - Test Data: {TestCase=TC3, ProductId=20}
2026-05-26 21:45:27.373 [main] INFO  c.f.automation.utils.LoggerUtil - Executing Test Case: TC3
2026-05-26 21:45:27.373 [main] INFO  c.f.automation.utils.LoggerUtil - Deleting Product ID: 20
2026-05-26 21:45:27.374 [main] INFO  c.f.automation.utils.LoggerUtil - Deleting product with ID: 20
2026-05-26 21:45:27.374 [main] DEBUG c.f.automation.utils.LoggerUtil - URL after placeholder substitution: /products/20
2026-05-26 21:45:27.374 [main] INFO  c.f.automation.utils.LoggerUtil - Sending HTTP Request --> DELETE https://fakestoreapi.com/products/20
2026-05-26 21:45:27.374 [main] DEBUG c.f.automation.utils.LoggerUtil - REST call timeout configured: 5 minutes
2026-05-26 21:45:27.374 [main] INFO  c.f.automation.utils.LoggerUtil - Headers: {Accept=application/json, Content-Type=application/json}
2026-05-26 21:45:27.807 [main] INFO  c.f.automation.utils.LoggerUtil - Response Code: 200
2026-05-26 21:45:27.807 [main] INFO  c.f.automation.utils.LoggerUtil - Response Time: 0 seconds
2026-05-26 21:45:27.808 [main] INFO  c.f.automation.utils.LoggerUtil - Response Code: 200
2026-05-26 21:45:27.809 [main] INFO  c.f.automation.utils.LoggerUtil - Response Body: {"id":20,"title":"DANVOUY Womens T Shirt Casual Cotton Short","price":12.99,"description":"95%Cotton,5%Spandex, Features: Casual, Short Sleeve, Letter Print,V-Neck,Fashion Tees, The fabric is soft and has some stretch., Occasion: Casual/Office/Beach/School/Home/Street. Season: Spring,Summer,Autumn,Winter.","category":"women's clothing","image":"https://fakestoreapi.com/img/61pHAEJ4NML._AC_UX679_t.png","rating":{"rate":3.6,"count":145}}
2026-05-26 21:45:27.810 [main] INFO  c.f.automation.utils.LoggerUtil - ✓ Status Code Validation PASSED: Response code 200 is a success code
2026-05-26 21:45:27.811 [main] INFO  c.f.automation.utils.LoggerUtil - ✓ Response Body Validation PASSED: Contains 'id' field
2026-05-26 21:45:27.811 [main] INFO  c.f.automation.utils.LoggerUtil - ✓ Response Structure Validation PASSED: Valid JSON format
2026-05-26 21:45:27.812 [main] INFO  c.f.automation.utils.LoggerUtil - ✓ Product ID Validation PASSED: ID matches deleted product (20)
2026-05-26 21:45:27.812 [main] INFO  c.f.automation.utils.LoggerUtil - ========== Test Completed: TC3 ==========
2026-05-26 21:45:27.813 [main] INFO  c.f.automation.utils.LoggerUtil - Test passed: testDeleteProduct
2026-05-26 21:45:27.818 [main] INFO  c.f.automation.utils.LoggerUtil - Test started: testDeleteProduct
2026-05-26 21:45:27.819 [main] INFO  c.f.automation.utils.LoggerUtil - ========== Test: Delete Product ==========
2026-05-26 21:45:27.819 [main] INFO  c.f.automation.utils.LoggerUtil - Test Data: {TestCase=TC4, ProductId=999}
2026-05-26 21:45:27.820 [main] INFO  c.f.automation.utils.LoggerUtil - Executing Test Case: TC4
2026-05-26 21:45:27.820 [main] INFO  c.f.automation.utils.LoggerUtil - Deleting Product ID: 999
2026-05-26 21:45:27.820 [main] INFO  c.f.automation.utils.LoggerUtil - Deleting product with ID: 999
2026-05-26 21:45:27.820 [main] DEBUG c.f.automation.utils.LoggerUtil - URL after placeholder substitution: /products/999
2026-05-26 21:45:27.820 [main] INFO  c.f.automation.utils.LoggerUtil - Sending HTTP Request --> DELETE https://fakestoreapi.com/products/999
2026-05-26 21:45:27.821 [main] DEBUG c.f.automation.utils.LoggerUtil - REST call timeout configured: 5 minutes
2026-05-26 21:45:27.821 [main] INFO  c.f.automation.utils.LoggerUtil - Headers: {Accept=application/json, Content-Type=application/json}
2026-05-26 21:45:28.610 [main] INFO  c.f.automation.utils.LoggerUtil - Response Code: 200
2026-05-26 21:45:28.610 [main] INFO  c.f.automation.utils.LoggerUtil - Response Time: 0 seconds
2026-05-26 21:45:28.611 [main] INFO  c.f.automation.utils.LoggerUtil - Response Code: 200
2026-05-26 21:45:28.611 [main] INFO  c.f.automation.utils.LoggerUtil - Response Body: 
2026-05-26 21:45:28.611 [main] INFO  c.f.automation.utils.LoggerUtil - ✓ Status Code Validation PASSED: Response code 200 is a success code
2026-05-26 21:45:28.611 [main] INFO  c.f.automation.utils.LoggerUtil - ========== Test Completed: TC4 ==========
2026-05-26 21:45:28.612 [main] INFO  c.f.automation.utils.LoggerUtil - Test passed: testDeleteProduct
2026-05-26 21:45:28.613 [main] INFO  c.f.automation.utils.LoggerUtil - Tearing down ProductTests...
2026-05-26 21:45:28.614 [main] INFO  c.f.automation.utils.LoggerUtil - ProductTests teardown completed
2026-05-26 21:45:28.614 [main] INFO  c.f.automation.utils.LoggerUtil - Test Suite finished: Product_DeleteProduct
2026-05-26 21:45:28.645 [main] INFO  c.f.automation.utils.LoggerUtil - Extent Report flushed successfully
2026-05-26 21:45:28.653 [main] INFO  c.f.automation.utils.LoggerUtil - Test Suite started: Cart_AddNewCart
2026-05-26 21:45:28.654 [main] INFO  c.f.automation.utils.LoggerUtil - Setting up CartTests...
2026-05-26 21:45:28.655 [main] INFO  c.f.automation.utils.LoggerUtil - CartTests setup completed
2026-05-26 21:45:28.656 [main] INFO  c.f.automation.utils.LoggerUtil - Loading test data from: ./src/main/resources/testdata/combinedTestData.xlsx:AddNewCart
2026-05-26 21:45:28.656 [main] INFO  c.f.automation.utils.LoggerUtil - Test data sets filter: ALL
2026-05-26 21:45:28.657 [main] INFO  c.f.automation.utils.LoggerUtil - Excel File: ./src/main/resources/testdata/combinedTestData.xlsx
2026-05-26 21:45:28.657 [main] INFO  c.f.automation.utils.LoggerUtil - Sheet Name: AddNewCart
2026-05-26 21:45:28.720 [main] INFO  c.f.automation.utils.LoggerUtil - Excel file loaded: ./src/main/resources/testdata/combinedTestData.xlsx
2026-05-26 21:45:28.737 [main] INFO  c.f.automation.utils.LoggerUtil - Total test data rows loaded: 5
2026-05-26 21:45:28.737 [main] INFO  c.f.automation.utils.LoggerUtil - Excel workbook closed
2026-05-26 21:45:28.739 [main] INFO  c.f.automation.utils.LoggerUtil - Test started: testAddNewCart
2026-05-26 21:45:28.739 [main] INFO  c.f.automation.utils.LoggerUtil - ========== Test: Add New Cart ==========
2026-05-26 21:45:28.739 [main] INFO  c.f.automation.utils.LoggerUtil - Test Data: {Quantity1=2, Quantity2=1, TestCase=TC1, UserId=1, ProductId2=2, ProductId1=1, Date=Mon May 26 00:00:00 IST 2025}
2026-05-26 21:45:28.739 [main] INFO  c.f.automation.utils.LoggerUtil - Executing Test Case: TC1
2026-05-26 21:45:28.740 [main] INFO  c.f.automation.utils.LoggerUtil - User ID: 1
2026-05-26 21:45:28.740 [main] INFO  c.f.automation.utils.LoggerUtil - Date: Mon May 26 00:00:00 IST 2025
2026-05-26 21:45:28.740 [main] INFO  c.f.automation.utils.LoggerUtil - Added Product 1: ID=1, Quantity=2
2026-05-26 21:45:28.740 [main] INFO  c.f.automation.utils.LoggerUtil - Added Product 2: ID=2, Quantity=1
2026-05-26 21:45:28.741 [main] INFO  c.f.automation.utils.LoggerUtil - Cart Payload: {date=Mon May 26 00:00:00 IST 2025, userId=1, products=[{quantity=2, productId=1}, {quantity=1, productId=2}]}
2026-05-26 21:45:28.741 [main] INFO  c.f.automation.utils.LoggerUtil - ✓ Payload Data Validation PASSED: All required fields have values
2026-05-26 21:45:28.741 [main] INFO  c.f.automation.utils.LoggerUtil - Creating new cart
2026-05-26 21:45:28.744 [main] INFO  c.f.automation.utils.LoggerUtil - Sending HTTP Request --> POST https://fakestoreapi.com/carts
2026-05-26 21:45:28.745 [main] DEBUG c.f.automation.utils.LoggerUtil - Request Payload: {
  "date" : "Mon May 26 00:00:00 IST 2025",
  "userId" : 1,
  "products" : [ {
    "quantity" : 2,
    "productId" : 1
  }, {
    "quantity" : 1,
    "productId" : 2
  } ]
}
2026-05-26 21:45:28.745 [main] DEBUG c.f.automation.utils.LoggerUtil - REST call timeout configured: 5 minutes
2026-05-26 21:45:28.745 [main] INFO  c.f.automation.utils.LoggerUtil - Headers: {Accept=application/json, Content-Type=application/json}
2026-05-26 21:45:29.299 [main] INFO  c.f.automation.utils.LoggerUtil - Response Code: 201
2026-05-26 21:45:29.300 [main] INFO  c.f.automation.utils.LoggerUtil - Response Time: 0 seconds
2026-05-26 21:45:29.302 [main] INFO  c.f.automation.utils.LoggerUtil - Response Code: 201
2026-05-26 21:45:29.302 [main] INFO  c.f.automation.utils.LoggerUtil - Response Body: {"id":11,"userId":1,"date":"Mon May 26 00:00:00 IST 2025","products":[{"quantity":2,"productId":1},{"quantity":1,"productId":2}]}
2026-05-26 21:45:29.307 [main] INFO  c.f.automation.utils.LoggerUtil - ✓ Status Code Validation PASSED: Response code 201 is a success code
2026-05-26 21:45:29.307 [main] INFO  c.f.automation.utils.LoggerUtil - ✓ Response Body Validation PASSED: Contains 'id' field
2026-05-26 21:45:29.308 [main] INFO  c.f.automation.utils.LoggerUtil - ✓ Response Body Validation PASSED: Contains 'userId' field
2026-05-26 21:45:29.308 [main] INFO  c.f.automation.utils.LoggerUtil - ✓ Response Body Validation PASSED: Contains 'products' field
2026-05-26 21:45:29.308 [main] INFO  c.f.automation.utils.LoggerUtil - ✓ Response Structure Validation PASSED: Valid JSON format
2026-05-26 21:45:29.309 [main] INFO  c.f.automation.utils.LoggerUtil - ✓ User ID Validation PASSED: ID matches requested user (1)
2026-05-26 21:45:29.310 [main] INFO  c.f.automation.utils.LoggerUtil - ========== Test Completed: TC1 ==========
2026-05-26 21:45:29.311 [main] INFO  c.f.automation.utils.LoggerUtil - Test passed: testAddNewCart
2026-05-26 21:45:29.315 [main] INFO  c.f.automation.utils.LoggerUtil - Test started: testAddNewCart
2026-05-26 21:45:29.317 [main] INFO  c.f.automation.utils.LoggerUtil - ========== Test: Add New Cart ==========
2026-05-26 21:45:29.318 [main] INFO  c.f.automation.utils.LoggerUtil - Test Data: {Quantity1=5, Quantity2=, TestCase=TC2, UserId=2, ProductId2=, ProductId1=5, Date=Mon May 26 00:00:00 IST 2025}
2026-05-26 21:45:29.318 [main] INFO  c.f.automation.utils.LoggerUtil - Executing Test Case: TC2
2026-05-26 21:45:29.318 [main] INFO  c.f.automation.utils.LoggerUtil - User ID: 2
2026-05-26 21:45:29.318 [main] INFO  c.f.automation.utils.LoggerUtil - Date: Mon May 26 00:00:00 IST 2025
2026-05-26 21:45:29.318 [main] INFO  c.f.automation.utils.LoggerUtil - Added Product 1: ID=5, Quantity=5
2026-05-26 21:45:29.318 [main] INFO  c.f.automation.utils.LoggerUtil - Cart Payload: {date=Mon May 26 00:00:00 IST 2025, userId=2, products=[{quantity=5, productId=5}]}
2026-05-26 21:45:29.318 [main] INFO  c.f.automation.utils.LoggerUtil - ✓ Payload Data Validation PASSED: All required fields have values
2026-05-26 21:45:29.318 [main] INFO  c.f.automation.utils.LoggerUtil - Creating new cart
2026-05-26 21:45:29.319 [main] INFO  c.f.automation.utils.LoggerUtil - Sending HTTP Request --> POST https://fakestoreapi.com/carts
2026-05-26 21:45:29.319 [main] DEBUG c.f.automation.utils.LoggerUtil - Request Payload: {
  "date" : "Mon May 26 00:00:00 IST 2025",
  "userId" : 2,
  "products" : [ {
    "quantity" : 5,
    "productId" : 5
  } ]
}
2026-05-26 21:45:29.319 [main] DEBUG c.f.automation.utils.LoggerUtil - REST call timeout configured: 5 minutes
2026-05-26 21:45:29.319 [main] INFO  c.f.automation.utils.LoggerUtil - Headers: {Accept=application/json, Content-Type=application/json}
2026-05-26 21:45:29.853 [main] INFO  c.f.automation.utils.LoggerUtil - Response Code: 201
2026-05-26 21:45:29.853 [main] INFO  c.f.automation.utils.LoggerUtil - Response Time: 0 seconds
2026-05-26 21:45:29.853 [main] INFO  c.f.automation.utils.LoggerUtil - Response Code: 201
2026-05-26 21:45:29.853 [main] INFO  c.f.automation.utils.LoggerUtil - Response Body: {"id":11,"userId":2,"date":"Mon May 26 00:00:00 IST 2025","products":[{"quantity":5,"productId":5}]}
2026-05-26 21:45:29.853 [main] INFO  c.f.automation.utils.LoggerUtil - ✓ Status Code Validation PASSED: Response code 201 is a success code
2026-05-26 21:45:29.854 [main] INFO  c.f.automation.utils.LoggerUtil - ✓ Response Body Validation PASSED: Contains 'id' field
2026-05-26 21:45:29.854 [main] INFO  c.f.automation.utils.LoggerUtil - ✓ Response Body Validation PASSED: Contains 'userId' field
2026-05-26 21:45:29.854 [main] INFO  c.f.automation.utils.LoggerUtil - ✓ Response Body Validation PASSED: Contains 'products' field
2026-05-26 21:45:29.854 [main] INFO  c.f.automation.utils.LoggerUtil - ✓ Response Structure Validation PASSED: Valid JSON format
2026-05-26 21:45:29.854 [main] INFO  c.f.automation.utils.LoggerUtil - ✓ User ID Validation PASSED: ID matches requested user (2)
2026-05-26 21:45:29.854 [main] INFO  c.f.automation.utils.LoggerUtil - ========== Test Completed: TC2 ==========
2026-05-26 21:45:29.854 [main] INFO  c.f.automation.utils.LoggerUtil - Test passed: testAddNewCart
2026-05-26 21:45:29.855 [main] INFO  c.f.automation.utils.LoggerUtil - Test started: testAddNewCart
2026-05-26 21:45:29.856 [main] INFO  c.f.automation.utils.LoggerUtil - ========== Test: Add New Cart ==========
2026-05-26 21:45:29.856 [main] INFO  c.f.automation.utils.LoggerUtil - Test Data: {Quantity1=0, Quantity2=, TestCase=TC3, UserId=3, ProductId2=, ProductId1=10, Date=Mon May 26 00:00:00 IST 2025}
2026-05-26 21:45:29.856 [main] INFO  c.f.automation.utils.LoggerUtil - Executing Test Case: TC3
2026-05-26 21:45:29.856 [main] INFO  c.f.automation.utils.LoggerUtil - User ID: 3
2026-05-26 21:45:29.856 [main] INFO  c.f.automation.utils.LoggerUtil - Date: Mon May 26 00:00:00 IST 2025
2026-05-26 21:45:29.856 [main] INFO  c.f.automation.utils.LoggerUtil - Added Product 1: ID=10, Quantity=0
2026-05-26 21:45:29.856 [main] INFO  c.f.automation.utils.LoggerUtil - Cart Payload: {date=Mon May 26 00:00:00 IST 2025, userId=3, products=[{quantity=0, productId=10}]}
2026-05-26 21:45:29.856 [main] INFO  c.f.automation.utils.LoggerUtil - ✓ Payload Data Validation PASSED: All required fields have values
2026-05-26 21:45:29.856 [main] INFO  c.f.automation.utils.LoggerUtil - Creating new cart
2026-05-26 21:45:29.856 [main] INFO  c.f.automation.utils.LoggerUtil - Sending HTTP Request --> POST https://fakestoreapi.com/carts
2026-05-26 21:45:29.857 [main] DEBUG c.f.automation.utils.LoggerUtil - Request Payload: {
  "date" : "Mon May 26 00:00:00 IST 2025",
  "userId" : 3,
  "products" : [ {
    "quantity" : 0,
    "productId" : 10
  } ]
}
2026-05-26 21:45:29.857 [main] DEBUG c.f.automation.utils.LoggerUtil - REST call timeout configured: 5 minutes
2026-05-26 21:45:29.857 [main] INFO  c.f.automation.utils.LoggerUtil - Headers: {Accept=application/json, Content-Type=application/json}
2026-05-26 21:45:30.863 [main] INFO  c.f.automation.utils.LoggerUtil - Response Code: 201
2026-05-26 21:45:30.863 [main] INFO  c.f.automation.utils.LoggerUtil - Response Time: 1 seconds
2026-05-26 21:45:30.864 [main] INFO  c.f.automation.utils.LoggerUtil - Response Code: 201
2026-05-26 21:45:30.864 [main] INFO  c.f.automation.utils.LoggerUtil - Response Body: {"id":11,"userId":3,"date":"Mon May 26 00:00:00 IST 2025","products":[{"quantity":0,"productId":10}]}
2026-05-26 21:45:30.865 [main] INFO  c.f.automation.utils.LoggerUtil - ✓ Status Code Validation PASSED: Response code 201 is a success code
2026-05-26 21:45:30.865 [main] INFO  c.f.automation.utils.LoggerUtil - ✓ Response Body Validation PASSED: Contains 'id' field
2026-05-26 21:45:30.865 [main] INFO  c.f.automation.utils.LoggerUtil - ✓ Response Body Validation PASSED: Contains 'userId' field
2026-05-26 21:45:30.865 [main] INFO  c.f.automation.utils.LoggerUtil - ✓ Response Body Validation PASSED: Contains 'products' field
2026-05-26 21:45:30.865 [main] INFO  c.f.automation.utils.LoggerUtil - ✓ Response Structure Validation PASSED: Valid JSON format
2026-05-26 21:45:30.865 [main] INFO  c.f.automation.utils.LoggerUtil - ✓ User ID Validation PASSED: ID matches requested user (3)
2026-05-26 21:45:30.865 [main] INFO  c.f.automation.utils.LoggerUtil - ========== Test Completed: TC3 ==========
2026-05-26 21:45:30.866 [main] INFO  c.f.automation.utils.LoggerUtil - Test passed: testAddNewCart
2026-05-26 21:45:30.870 [main] INFO  c.f.automation.utils.LoggerUtil - Test started: testAddNewCart
2026-05-26 21:45:30.872 [main] INFO  c.f.automation.utils.LoggerUtil - ========== Test: Add New Cart ==========
2026-05-26 21:45:30.872 [main] INFO  c.f.automation.utils.LoggerUtil - Test Data: {Quantity1=1, Quantity2=, TestCase=TC4, UserId=4, ProductId2=, ProductId1=999, Date=Mon May 26 00:00:00 IST 2025}
2026-05-26 21:45:30.872 [main] INFO  c.f.automation.utils.LoggerUtil - Executing Test Case: TC4
2026-05-26 21:45:30.872 [main] INFO  c.f.automation.utils.LoggerUtil - User ID: 4
2026-05-26 21:45:30.874 [main] INFO  c.f.automation.utils.LoggerUtil - Date: Mon May 26 00:00:00 IST 2025
2026-05-26 21:45:30.874 [main] INFO  c.f.automation.utils.LoggerUtil - Added Product 1: ID=999, Quantity=1
2026-05-26 21:45:30.874 [main] INFO  c.f.automation.utils.LoggerUtil - Cart Payload: {date=Mon May 26 00:00:00 IST 2025, userId=4, products=[{quantity=1, productId=999}]}
2026-05-26 21:45:30.874 [main] INFO  c.f.automation.utils.LoggerUtil - ✓ Payload Data Validation PASSED: All required fields have values
2026-05-26 21:45:30.874 [main] INFO  c.f.automation.utils.LoggerUtil - Creating new cart
2026-05-26 21:45:30.874 [main] INFO  c.f.automation.utils.LoggerUtil - Sending HTTP Request --> POST https://fakestoreapi.com/carts
2026-05-26 21:45:30.874 [main] DEBUG c.f.automation.utils.LoggerUtil - Request Payload: {
  "date" : "Mon May 26 00:00:00 IST 2025",
  "userId" : 4,
  "products" : [ {
    "quantity" : 1,
    "productId" : 999
  } ]
}
2026-05-26 21:45:30.874 [main] DEBUG c.f.automation.utils.LoggerUtil - REST call timeout configured: 5 minutes
2026-05-26 21:45:30.874 [main] INFO  c.f.automation.utils.LoggerUtil - Headers: {Accept=application/json, Content-Type=application/json}
2026-05-26 21:45:31.434 [main] INFO  c.f.automation.utils.LoggerUtil - Response Code: 201
2026-05-26 21:45:31.435 [main] INFO  c.f.automation.utils.LoggerUtil - Response Time: 0 seconds
2026-05-26 21:45:31.436 [main] INFO  c.f.automation.utils.LoggerUtil - Response Code: 201
2026-05-26 21:45:31.436 [main] INFO  c.f.automation.utils.LoggerUtil - Response Body: {"id":11,"userId":4,"date":"Mon May 26 00:00:00 IST 2025","products":[{"quantity":1,"productId":999}]}
2026-05-26 21:45:31.437 [main] INFO  c.f.automation.utils.LoggerUtil - ✓ Status Code Validation PASSED: Response code 201 is a success code
2026-05-26 21:45:31.438 [main] INFO  c.f.automation.utils.LoggerUtil - ✓ Response Body Validation PASSED: Contains 'id' field
2026-05-26 21:45:31.438 [main] INFO  c.f.automation.utils.LoggerUtil - ✓ Response Body Validation PASSED: Contains 'userId' field
2026-05-26 21:45:31.438 [main] INFO  c.f.automation.utils.LoggerUtil - ✓ Response Body Validation PASSED: Contains 'products' field
2026-05-26 21:45:31.439 [main] INFO  c.f.automation.utils.LoggerUtil - ✓ Response Structure Validation PASSED: Valid JSON format
2026-05-26 21:45:31.439 [main] INFO  c.f.automation.utils.LoggerUtil - ✓ User ID Validation PASSED: ID matches requested user (4)
2026-05-26 21:45:31.439 [main] INFO  c.f.automation.utils.LoggerUtil - ========== Test Completed: TC4 ==========
2026-05-26 21:45:31.439 [main] INFO  c.f.automation.utils.LoggerUtil - Test passed: testAddNewCart
2026-05-26 21:45:31.445 [main] INFO  c.f.automation.utils.LoggerUtil - Test started: testAddNewCart
2026-05-26 21:45:31.446 [main] INFO  c.f.automation.utils.LoggerUtil - ========== Test: Add New Cart ==========
2026-05-26 21:45:31.447 [main] INFO  c.f.automation.utils.LoggerUtil - Test Data: {Quantity1=-5, Quantity2=, TestCase=TC5, UserId=5, ProductId2=, ProductId1=1, Date=Mon May 26 00:00:00 IST 2025}
2026-05-26 21:45:31.447 [main] INFO  c.f.automation.utils.LoggerUtil - Executing Test Case: TC5
2026-05-26 21:45:31.447 [main] INFO  c.f.automation.utils.LoggerUtil - User ID: 5
2026-05-26 21:45:31.447 [main] INFO  c.f.automation.utils.LoggerUtil - Date: Mon May 26 00:00:00 IST 2025
2026-05-26 21:45:31.447 [main] INFO  c.f.automation.utils.LoggerUtil - Added Product 1: ID=1, Quantity=-5
2026-05-26 21:45:31.448 [main] INFO  c.f.automation.utils.LoggerUtil - Cart Payload: {date=Mon May 26 00:00:00 IST 2025, userId=5, products=[{quantity=-5, productId=1}]}
2026-05-26 21:45:31.448 [main] INFO  c.f.automation.utils.LoggerUtil - ✓ Payload Data Validation PASSED: All required fields have values
2026-05-26 21:45:31.448 [main] INFO  c.f.automation.utils.LoggerUtil - Creating new cart
2026-05-26 21:45:31.448 [main] INFO  c.f.automation.utils.LoggerUtil - Sending HTTP Request --> POST https://fakestoreapi.com/carts
2026-05-26 21:45:31.448 [main] DEBUG c.f.automation.utils.LoggerUtil - Request Payload: {
  "date" : "Mon May 26 00:00:00 IST 2025",
  "userId" : 5,
  "products" : [ {
    "quantity" : -5,
    "productId" : 1
  } ]
}
2026-05-26 21:45:31.448 [main] DEBUG c.f.automation.utils.LoggerUtil - REST call timeout configured: 5 minutes
2026-05-26 21:45:31.448 [main] INFO  c.f.automation.utils.LoggerUtil - Headers: {Accept=application/json, Content-Type=application/json}
2026-05-26 21:45:32.088 [main] INFO  c.f.automation.utils.LoggerUtil - Response Code: 201
2026-05-26 21:45:32.088 [main] INFO  c.f.automation.utils.LoggerUtil - Response Time: 0 seconds
2026-05-26 21:45:32.089 [main] INFO  c.f.automation.utils.LoggerUtil - Response Code: 201
2026-05-26 21:45:32.089 [main] INFO  c.f.automation.utils.LoggerUtil - Response Body: {"id":11,"userId":5,"date":"Mon May 26 00:00:00 IST 2025","products":[{"quantity":-5,"productId":1}]}
2026-05-26 21:45:32.091 [main] INFO  c.f.automation.utils.LoggerUtil - ✓ Status Code Validation PASSED: Response code 201 is a success code
2026-05-26 21:45:32.092 [main] INFO  c.f.automation.utils.LoggerUtil - ✓ Response Body Validation PASSED: Contains 'id' field
2026-05-26 21:45:32.092 [main] INFO  c.f.automation.utils.LoggerUtil - ✓ Response Body Validation PASSED: Contains 'userId' field
2026-05-26 21:45:32.092 [main] INFO  c.f.automation.utils.LoggerUtil - ✓ Response Body Validation PASSED: Contains 'products' field
2026-05-26 21:45:32.092 [main] INFO  c.f.automation.utils.LoggerUtil - ✓ Response Structure Validation PASSED: Valid JSON format
2026-05-26 21:45:32.092 [main] INFO  c.f.automation.utils.LoggerUtil - ✓ User ID Validation PASSED: ID matches requested user (5)
2026-05-26 21:45:32.092 [main] INFO  c.f.automation.utils.LoggerUtil - ========== Test Completed: TC5 ==========
2026-05-26 21:45:32.093 [main] INFO  c.f.automation.utils.LoggerUtil - Test passed: testAddNewCart
2026-05-26 21:45:32.096 [main] INFO  c.f.automation.utils.LoggerUtil - Tearing down CartTests...
2026-05-26 21:45:32.096 [main] INFO  c.f.automation.utils.LoggerUtil - CartTests teardown completed
2026-05-26 21:45:32.097 [main] INFO  c.f.automation.utils.LoggerUtil - Test Suite finished: Cart_AddNewCart
2026-05-26 21:45:32.136 [main] INFO  c.f.automation.utils.LoggerUtil - Extent Report flushed successfully
2026-05-26 21:50:10.375 [main] INFO  org.testng.internal.Utils - [TestNG] Running:
  C:\Users\mugn\Documents\NM\fakestoreapi\fakestore-automation\testng.xml

2026-05-26 21:50:10.403 [main] INFO  c.f.automation.utils.LoggerUtil - Test Suite started: Product_AddNewProduct
2026-05-26 21:50:10.406 [main] INFO  c.f.automation.utils.LoggerUtil - Configuration properties loaded successfully
2026-05-26 21:50:10.736 [main] INFO  c.f.automation.utils.LoggerUtil - Extent Report initialized at: test-output/ExtentReports/FakeStoreAPI_TestReport_2026-05-26_21-50-10.html
2026-05-26 21:50:10.779 [main] INFO  c.f.automation.utils.LoggerUtil - Setting up ProductTests...
2026-05-26 21:50:11.468 [main] INFO  c.f.automation.utils.LoggerUtil - ProductTests setup completed
2026-05-26 21:50:11.474 [main] INFO  c.f.automation.utils.LoggerUtil - Loading test data from: ./src/main/resources/testdata/combinedTestData.xlsx:AddNewProduct
2026-05-26 21:50:11.474 [main] INFO  c.f.automation.utils.LoggerUtil - Test data sets filter: ALL
2026-05-26 21:50:11.474 [main] INFO  c.f.automation.utils.LoggerUtil - Excel File: ./src/main/resources/testdata/combinedTestData.xlsx
2026-05-26 21:50:11.474 [main] INFO  c.f.automation.utils.LoggerUtil - Sheet Name: AddNewProduct
2026-05-26 21:50:12.723 [main] INFO  c.f.automation.utils.LoggerUtil - Excel file loaded: ./src/main/resources/testdata/combinedTestData.xlsx
2026-05-26 21:50:12.756 [main] INFO  c.f.automation.utils.LoggerUtil - Total test data rows loaded: 5
2026-05-26 21:50:12.756 [main] INFO  c.f.automation.utils.LoggerUtil - Excel workbook closed
2026-05-26 21:50:12.781 [main] INFO  c.f.automation.utils.LoggerUtil - Test started: testAddNewProduct
2026-05-26 21:50:12.799 [main] INFO  c.f.automation.utils.LoggerUtil - ========== Test: Add New Product ==========
2026-05-26 21:50:12.799 [main] INFO  c.f.automation.utils.LoggerUtil - Test Data: {Description=Automation Product Description, Category=electronics, TestCase=TC1, Price=99, ExpectedTitle=Test Product 1, Title=Test Product 1, Image=https://picsum.photos/id/1/200/300}
2026-05-26 21:50:12.799 [main] INFO  c.f.automation.utils.LoggerUtil - Executing Test Case: TC1
2026-05-26 21:50:12.800 [main] INFO  c.f.automation.utils.LoggerUtil - Product Payload: {image=https://picsum.photos/id/1/200/300, price=99.0, description=Automation Product Description, title=Test Product 1, category=electronics}
2026-05-26 21:50:12.800 [main] INFO  c.f.automation.utils.LoggerUtil - Creating new product
2026-05-26 21:50:13.088 [main] INFO  c.f.automation.utils.LoggerUtil - Sending HTTP Request --> POST https://fakestoreapi.com/products
2026-05-26 21:50:13.088 [main] DEBUG c.f.automation.utils.LoggerUtil - Request Payload: {
  "image" : "https://picsum.photos/id/1/200/300",
  "price" : 99.0,
  "description" : "Automation Product Description",
  "title" : "Test Product 1",
  "category" : "electronics"
}
2026-05-26 21:50:13.089 [main] DEBUG c.f.automation.utils.LoggerUtil - REST call timeout configured: 5 minutes
2026-05-26 21:50:13.089 [main] INFO  c.f.automation.utils.LoggerUtil - Headers: {Accept=application/json, Content-Type=application/json}
2026-05-26 21:50:16.135 [main] INFO  c.f.automation.utils.LoggerUtil - Response Code: 201
2026-05-26 21:50:16.138 [main] INFO  c.f.automation.utils.LoggerUtil - Response Time: 3 seconds
2026-05-26 21:50:16.138 [main] INFO  c.f.automation.utils.LoggerUtil - Response Code: 201
2026-05-26 21:50:16.138 [main] INFO  c.f.automation.utils.LoggerUtil - Response Body: {"id":21,"title":"Test Product 1","price":99,"description":"Automation Product Description","image":"https://picsum.photos/id/1/200/300","category":"electronics"}
2026-05-26 21:50:16.146 [main] INFO  c.f.automation.utils.LoggerUtil - ✓ Status Code Validation PASSED: Response code 201 is a success code
2026-05-26 21:50:16.146 [main] INFO  c.f.automation.utils.LoggerUtil - ✓ Response Body Validation PASSED: Contains 'id' field
2026-05-26 21:50:16.146 [main] INFO  c.f.automation.utils.LoggerUtil - ✓ Response Body Validation PASSED: Contains 'title' field
2026-05-26 21:50:16.146 [main] INFO  c.f.automation.utils.LoggerUtil - ✓ Response Body Validation PASSED: Contains 'price' field
2026-05-26 21:50:16.146 [main] INFO  c.f.automation.utils.LoggerUtil - ✓ Response Structure Validation PASSED: Valid JSON format
2026-05-26 21:50:16.148 [main] INFO  c.f.automation.utils.LoggerUtil - ========== Test Completed: TC1 ==========
2026-05-26 21:50:16.151 [main] INFO  c.f.automation.utils.LoggerUtil - Test passed: testAddNewProduct
2026-05-26 21:50:16.151 [main] INFO  c.f.automation.utils.LoggerUtil - Test started: testAddNewProduct
2026-05-26 21:50:16.151 [main] INFO  c.f.automation.utils.LoggerUtil - ========== Test: Add New Product ==========
2026-05-26 21:50:16.151 [main] INFO  c.f.automation.utils.LoggerUtil - Test Data: {Description=Winter Jacket, Category=men's clothing, TestCase=TC2, Price=120, ExpectedTitle=Men's Jacket, Title=Men's Jacket, Image=https://picsum.photos/id/2/200/300}
2026-05-26 21:50:16.151 [main] INFO  c.f.automation.utils.LoggerUtil - Executing Test Case: TC2
2026-05-26 21:50:16.161 [main] INFO  c.f.automation.utils.LoggerUtil - Product Payload: {image=https://picsum.photos/id/2/200/300, price=120.0, description=Winter Jacket, title=Men's Jacket, category=men's clothing}
2026-05-26 21:50:16.162 [main] INFO  c.f.automation.utils.LoggerUtil - Creating new product
2026-05-26 21:50:16.164 [main] INFO  c.f.automation.utils.LoggerUtil - Sending HTTP Request --> POST https://fakestoreapi.com/products
2026-05-26 21:50:16.165 [main] DEBUG c.f.automation.utils.LoggerUtil - Request Payload: {
  "image" : "https://picsum.photos/id/2/200/300",
  "price" : 120.0,
  "description" : "Winter Jacket",
  "title" : "Men's Jacket",
  "category" : "men's clothing"
}
2026-05-26 21:50:16.165 [main] DEBUG c.f.automation.utils.LoggerUtil - REST call timeout configured: 5 minutes
2026-05-26 21:50:16.165 [main] INFO  c.f.automation.utils.LoggerUtil - Headers: {Accept=application/json, Content-Type=application/json}
2026-05-26 21:50:16.763 [main] INFO  c.f.automation.utils.LoggerUtil - Response Code: 201
2026-05-26 21:50:16.763 [main] INFO  c.f.automation.utils.LoggerUtil - Response Time: 0 seconds
2026-05-26 21:50:16.764 [main] INFO  c.f.automation.utils.LoggerUtil - Response Code: 201
2026-05-26 21:50:16.764 [main] INFO  c.f.automation.utils.LoggerUtil - Response Body: {"id":21,"title":"Men's Jacket","price":120,"description":"Winter Jacket","image":"https://picsum.photos/id/2/200/300","category":"men's clothing"}
2026-05-26 21:50:16.766 [main] INFO  c.f.automation.utils.LoggerUtil - ✓ Status Code Validation PASSED: Response code 201 is a success code
2026-05-26 21:50:16.766 [main] INFO  c.f.automation.utils.LoggerUtil - ✓ Response Body Validation PASSED: Contains 'id' field
2026-05-26 21:50:16.767 [main] INFO  c.f.automation.utils.LoggerUtil - ✓ Response Body Validation PASSED: Contains 'title' field
2026-05-26 21:50:16.767 [main] INFO  c.f.automation.utils.LoggerUtil - ✓ Response Body Validation PASSED: Contains 'price' field
2026-05-26 21:50:16.767 [main] INFO  c.f.automation.utils.LoggerUtil - ✓ Response Structure Validation PASSED: Valid JSON format
2026-05-26 21:50:16.767 [main] INFO  c.f.automation.utils.LoggerUtil - ========== Test Completed: TC2 ==========
2026-05-26 21:50:16.768 [main] INFO  c.f.automation.utils.LoggerUtil - Test passed: testAddNewProduct
2026-05-26 21:50:16.770 [main] INFO  c.f.automation.utils.LoggerUtil - Test started: testAddNewProduct
2026-05-26 21:50:16.770 [main] INFO  c.f.automation.utils.LoggerUtil - ========== Test: Add New Product ==========
2026-05-26 21:50:16.770 [main] INFO  c.f.automation.utils.LoggerUtil - Test Data: {Description=Missing title validation, Category=electronics, TestCase=TC3, Price=50, ExpectedTitle=Empty Title Product, Title=Empty Title Product, Image=https://picsum.photos/id/3/200/300}
2026-05-26 21:50:16.770 [main] INFO  c.f.automation.utils.LoggerUtil - Executing Test Case: TC3
2026-05-26 21:50:16.770 [main] INFO  c.f.automation.utils.LoggerUtil - Product Payload: {image=https://picsum.photos/id/3/200/300, price=50.0, description=Missing title validation, title=Empty Title Product, category=electronics}
2026-05-26 21:50:16.770 [main] INFO  c.f.automation.utils.LoggerUtil - Creating new product
2026-05-26 21:50:16.770 [main] INFO  c.f.automation.utils.LoggerUtil - Sending HTTP Request --> POST https://fakestoreapi.com/products
2026-05-26 21:50:16.770 [main] DEBUG c.f.automation.utils.LoggerUtil - Request Payload: {
  "image" : "https://picsum.photos/id/3/200/300",
  "price" : 50.0,
  "description" : "Missing title validation",
  "title" : "Empty Title Product",
  "category" : "electronics"
}
2026-05-26 21:50:16.770 [main] DEBUG c.f.automation.utils.LoggerUtil - REST call timeout configured: 5 minutes
2026-05-26 21:50:16.770 [main] INFO  c.f.automation.utils.LoggerUtil - Headers: {Accept=application/json, Content-Type=application/json}
2026-05-26 21:50:17.299 [main] INFO  c.f.automation.utils.LoggerUtil - Response Code: 201
2026-05-26 21:50:17.299 [main] INFO  c.f.automation.utils.LoggerUtil - Response Time: 0 seconds
2026-05-26 21:50:17.299 [main] INFO  c.f.automation.utils.LoggerUtil - Response Code: 201
2026-05-26 21:50:17.299 [main] INFO  c.f.automation.utils.LoggerUtil - Response Body: {"id":21,"title":"Empty Title Product","price":50,"description":"Missing title validation","image":"https://picsum.photos/id/3/200/300","category":"electronics"}
2026-05-26 21:50:17.315 [main] INFO  c.f.automation.utils.LoggerUtil - ✓ Status Code Validation PASSED: Response code 201 is a success code
2026-05-26 21:50:17.316 [main] INFO  c.f.automation.utils.LoggerUtil - ✓ Response Body Validation PASSED: Contains 'id' field
2026-05-26 21:50:17.318 [main] INFO  c.f.automation.utils.LoggerUtil - ✓ Response Body Validation PASSED: Contains 'title' field
2026-05-26 21:50:17.319 [main] INFO  c.f.automation.utils.LoggerUtil - ✓ Response Body Validation PASSED: Contains 'price' field
2026-05-26 21:50:17.321 [main] INFO  c.f.automation.utils.LoggerUtil - ✓ Response Structure Validation PASSED: Valid JSON format
2026-05-26 21:50:17.321 [main] INFO  c.f.automation.utils.LoggerUtil - ========== Test Completed: TC3 ==========
2026-05-26 21:50:17.321 [main] INFO  c.f.automation.utils.LoggerUtil - Test passed: testAddNewProduct
2026-05-26 21:50:17.332 [main] INFO  c.f.automation.utils.LoggerUtil - Test started: testAddNewProduct
2026-05-26 21:50:17.332 [main] INFO  c.f.automation.utils.LoggerUtil - ========== Test: Add New Product ==========
2026-05-26 21:50:17.332 [main] INFO  c.f.automation.utils.LoggerUtil - Test Data: {Description=Negative price validation, Category=electronics, TestCase=TC4, Price=-10, ExpectedTitle=Invalid Price Product, Title=Invalid Price Product, Image=https://picsum.photos/id/4/200/300}
2026-05-26 21:50:17.332 [main] INFO  c.f.automation.utils.LoggerUtil - Executing Test Case: TC4
2026-05-26 21:50:17.332 [main] INFO  c.f.automation.utils.LoggerUtil - Product Payload: {image=https://picsum.photos/id/4/200/300, price=-10.0, description=Negative price validation, title=Invalid Price Product, category=electronics}
2026-05-26 21:50:17.332 [main] INFO  c.f.automation.utils.LoggerUtil - Creating new product
2026-05-26 21:50:17.335 [main] INFO  c.f.automation.utils.LoggerUtil - Sending HTTP Request --> POST https://fakestoreapi.com/products
2026-05-26 21:50:17.335 [main] DEBUG c.f.automation.utils.LoggerUtil - Request Payload: {
  "image" : "https://picsum.photos/id/4/200/300",
  "price" : -10.0,
  "description" : "Negative price validation",
  "title" : "Invalid Price Product",
  "category" : "electronics"
}
2026-05-26 21:50:17.335 [main] DEBUG c.f.automation.utils.LoggerUtil - REST call timeout configured: 5 minutes
2026-05-26 21:50:17.335 [main] INFO  c.f.automation.utils.LoggerUtil - Headers: {Accept=application/json, Content-Type=application/json}
2026-05-26 21:50:17.865 [main] INFO  c.f.automation.utils.LoggerUtil - Response Code: 201
2026-05-26 21:50:17.865 [main] INFO  c.f.automation.utils.LoggerUtil - Response Time: 0 seconds
2026-05-26 21:50:17.865 [main] INFO  c.f.automation.utils.LoggerUtil - Response Code: 201
2026-05-26 21:50:17.865 [main] INFO  c.f.automation.utils.LoggerUtil - Response Body: {"id":21,"title":"Invalid Price Product","price":-10,"description":"Negative price validation","image":"https://picsum.photos/id/4/200/300","category":"electronics"}
2026-05-26 21:50:17.883 [main] INFO  c.f.automation.utils.LoggerUtil - ✓ Status Code Validation PASSED: Response code 201 is a success code
2026-05-26 21:50:17.884 [main] INFO  c.f.automation.utils.LoggerUtil - ✓ Response Body Validation PASSED: Contains 'id' field
2026-05-26 21:50:17.886 [main] INFO  c.f.automation.utils.LoggerUtil - ✓ Response Body Validation PASSED: Contains 'title' field
2026-05-26 21:50:17.886 [main] INFO  c.f.automation.utils.LoggerUtil - ✓ Response Body Validation PASSED: Contains 'price' field
2026-05-26 21:50:17.886 [main] INFO  c.f.automation.utils.LoggerUtil - ✓ Response Structure Validation PASSED: Valid JSON format
2026-05-26 21:50:17.886 [main] INFO  c.f.automation.utils.LoggerUtil - ========== Test Completed: TC4 ==========
2026-05-26 21:50:17.886 [main] INFO  c.f.automation.utils.LoggerUtil - Test passed: testAddNewProduct
2026-05-26 21:50:17.900 [main] INFO  c.f.automation.utils.LoggerUtil - Test started: testAddNewProduct
2026-05-26 21:50:17.900 [main] INFO  c.f.automation.utils.LoggerUtil - ========== Test: Add New Product ==========
2026-05-26 21:50:17.900 [main] INFO  c.f.automation.utils.LoggerUtil - Test Data: {Description=Very long description for API payload validation testing, Category=jewelery, TestCase=TC5, Price=999, ExpectedTitle=Long Description Product, Title=Long Description Product, Image=https://picsum.photos/id/5/200/300}
2026-05-26 21:50:17.900 [main] INFO  c.f.automation.utils.LoggerUtil - Executing Test Case: TC5
2026-05-26 21:50:17.904 [main] INFO  c.f.automation.utils.LoggerUtil - Product Payload: {image=https://picsum.photos/id/5/200/300, price=999.0, description=Very long description for API payload validation testing, title=Long Description Product, category=jewelery}
2026-05-26 21:50:17.904 [main] INFO  c.f.automation.utils.LoggerUtil - Creating new product
2026-05-26 21:50:17.904 [main] INFO  c.f.automation.utils.LoggerUtil - Sending HTTP Request --> POST https://fakestoreapi.com/products
2026-05-26 21:50:17.904 [main] DEBUG c.f.automation.utils.LoggerUtil - Request Payload: {
  "image" : "https://picsum.photos/id/5/200/300",
  "price" : 999.0,
  "description" : "Very long description for API payload validation testing",
  "title" : "Long Description Product",
  "category" : "jewelery"
}
2026-05-26 21:50:17.907 [main] DEBUG c.f.automation.utils.LoggerUtil - REST call timeout configured: 5 minutes
2026-05-26 21:50:17.907 [main] INFO  c.f.automation.utils.LoggerUtil - Headers: {Accept=application/json, Content-Type=application/json}
2026-05-26 21:50:18.474 [main] INFO  c.f.automation.utils.LoggerUtil - Response Code: 201
2026-05-26 21:50:18.474 [main] INFO  c.f.automation.utils.LoggerUtil - Response Time: 0 seconds
2026-05-26 21:50:18.474 [main] INFO  c.f.automation.utils.LoggerUtil - Response Code: 201
2026-05-26 21:50:18.475 [main] INFO  c.f.automation.utils.LoggerUtil - Response Body: {"id":21,"title":"Long Description Product","price":999,"description":"Very long description for API payload validation testing","image":"https://picsum.photos/id/5/200/300","category":"jewelery"}
2026-05-26 21:50:18.476 [main] INFO  c.f.automation.utils.LoggerUtil - ✓ Status Code Validation PASSED: Response code 201 is a success code
2026-05-26 21:50:18.476 [main] INFO  c.f.automation.utils.LoggerUtil - ✓ Response Body Validation PASSED: Contains 'id' field
2026-05-26 21:50:18.476 [main] INFO  c.f.automation.utils.LoggerUtil - ✓ Response Body Validation PASSED: Contains 'title' field
2026-05-26 21:50:18.476 [main] INFO  c.f.automation.utils.LoggerUtil - ✓ Response Body Validation PASSED: Contains 'price' field
2026-05-26 21:50:18.476 [main] INFO  c.f.automation.utils.LoggerUtil - ✓ Response Structure Validation PASSED: Valid JSON format
2026-05-26 21:50:18.476 [main] INFO  c.f.automation.utils.LoggerUtil - ========== Test Completed: TC5 ==========
2026-05-26 21:50:18.477 [main] INFO  c.f.automation.utils.LoggerUtil - Test passed: testAddNewProduct
2026-05-26 21:50:18.480 [main] INFO  c.f.automation.utils.LoggerUtil - Tearing down ProductTests...
2026-05-26 21:50:18.480 [main] INFO  c.f.automation.utils.LoggerUtil - ProductTests teardown completed
2026-05-26 21:50:18.482 [main] INFO  c.f.automation.utils.LoggerUtil - Test Suite finished: Product_AddNewProduct
2026-05-26 21:50:18.889 [main] INFO  c.f.automation.utils.LoggerUtil - Extent Report flushed successfully
2026-05-26 21:50:18.952 [main] INFO  c.f.automation.utils.LoggerUtil - Test Suite started: Product_UpdateProduct
2026-05-26 21:50:18.953 [main] INFO  c.f.automation.utils.LoggerUtil - Setting up ProductTests...
2026-05-26 21:50:18.953 [main] INFO  c.f.automation.utils.LoggerUtil - ProductTests setup completed
2026-05-26 21:50:18.955 [main] INFO  c.f.automation.utils.LoggerUtil - Loading test data from: ./src/main/resources/testdata/combinedTestData.xlsx:UpdateProduct
2026-05-26 21:50:18.956 [main] INFO  c.f.automation.utils.LoggerUtil - Test data sets filter: ALL
2026-05-26 21:50:18.956 [main] INFO  c.f.automation.utils.LoggerUtil - Excel File: ./src/main/resources/testdata/combinedTestData.xlsx
2026-05-26 21:50:18.956 [main] INFO  c.f.automation.utils.LoggerUtil - Sheet Name: UpdateProduct
2026-05-26 21:50:19.072 [main] INFO  c.f.automation.utils.LoggerUtil - Excel file loaded: ./src/main/resources/testdata/combinedTestData.xlsx
2026-05-26 21:50:19.075 [main] INFO  c.f.automation.utils.LoggerUtil - Total test data rows loaded: 3
2026-05-26 21:50:19.076 [main] INFO  c.f.automation.utils.LoggerUtil - Excel workbook closed
2026-05-26 21:50:19.079 [main] INFO  c.f.automation.utils.LoggerUtil - Test started: testUpdateProduct
2026-05-26 21:50:19.081 [main] INFO  c.f.automation.utils.LoggerUtil - ========== Test: Update Product ==========
2026-05-26 21:50:19.081 [main] INFO  c.f.automation.utils.LoggerUtil - Test Data: {UpdatedDescription=Updated description, UpdatedImage=https://i.pravatar.cc, TestCase=TC1, UpdatedTitle=Updated Product 1, UpdatedPrice=199, ProductId=1, UpdatedCategory=electronics}
2026-05-26 21:50:19.082 [main] INFO  c.f.automation.utils.LoggerUtil - Executing Test Case: TC1
2026-05-26 21:50:19.082 [main] INFO  c.f.automation.utils.LoggerUtil - Updating Product ID: 1
2026-05-26 21:50:19.082 [main] INFO  c.f.automation.utils.LoggerUtil - Product Update Payload: {image=https://i.pravatar.cc, price=199.0, description=Updated description, title=Updated Product 1, category=electronics}
2026-05-26 21:50:19.083 [main] INFO  c.f.automation.utils.LoggerUtil - ✓ Payload Data Validation PASSED: All required fields have values
2026-05-26 21:50:19.083 [main] INFO  c.f.automation.utils.LoggerUtil - Updating product with ID: 1
2026-05-26 21:50:19.084 [main] DEBUG c.f.automation.utils.LoggerUtil - URL after placeholder substitution: /products/1
2026-05-26 21:50:19.085 [main] INFO  c.f.automation.utils.LoggerUtil - Sending HTTP Request --> PUT https://fakestoreapi.com/products/1
2026-05-26 21:50:19.085 [main] DEBUG c.f.automation.utils.LoggerUtil - Request Payload: {
  "image" : "https://i.pravatar.cc",
  "price" : 199.0,
  "description" : "Updated description",
  "title" : "Updated Product 1",
  "category" : "electronics"
}
2026-05-26 21:50:19.086 [main] DEBUG c.f.automation.utils.LoggerUtil - REST call timeout configured: 5 minutes
2026-05-26 21:50:19.086 [main] INFO  c.f.automation.utils.LoggerUtil - Headers: {Accept=application/json, Content-Type=application/json}
2026-05-26 21:50:20.734 [main] INFO  c.f.automation.utils.LoggerUtil - Response Code: 200
2026-05-26 21:50:20.735 [main] INFO  c.f.automation.utils.LoggerUtil - Response Time: 1 seconds
2026-05-26 21:50:20.735 [main] INFO  c.f.automation.utils.LoggerUtil - Response Code: 200
2026-05-26 21:50:20.736 [main] INFO  c.f.automation.utils.LoggerUtil - Response Body: {"id":1,"title":"Updated Product 1","price":199,"description":"Updated description","image":"https://i.pravatar.cc","category":"electronics"}
2026-05-26 21:50:20.737 [main] INFO  c.f.automation.utils.LoggerUtil - ✓ Status Code Validation PASSED: Response code 200 is a success code
2026-05-26 21:50:20.737 [main] INFO  c.f.automation.utils.LoggerUtil - ✓ Response Body Validation PASSED: Contains 'id' field
2026-05-26 21:50:20.737 [main] INFO  c.f.automation.utils.LoggerUtil - ✓ Response Body Validation PASSED: Contains 'title' field
2026-05-26 21:50:20.738 [main] INFO  c.f.automation.utils.LoggerUtil - ✓ Response Body Validation PASSED: Contains 'price' field
2026-05-26 21:50:20.738 [main] INFO  c.f.automation.utils.LoggerUtil - ✓ Response Structure Validation PASSED: Valid JSON format
2026-05-26 21:50:20.738 [main] INFO  c.f.automation.utils.LoggerUtil - ✓ Product ID Validation PASSED: ID matches requested product (1)
2026-05-26 21:50:20.738 [main] INFO  c.f.automation.utils.LoggerUtil - ✓ Updated Title Validation PASSED: Response contains 'Updated Product 1'
2026-05-26 21:50:20.741 [main] INFO  c.f.automation.utils.LoggerUtil - ✓ Updated Price Validation PASSED: Response contains price '199.0'
2026-05-26 21:50:20.741 [main] INFO  c.f.automation.utils.LoggerUtil - ✓ Updated Description Validation PASSED: Response contains description
2026-05-26 21:50:20.742 [main] INFO  c.f.automation.utils.LoggerUtil - ========== Test Completed: TC1 ==========
2026-05-26 21:50:20.743 [main] INFO  c.f.automation.utils.LoggerUtil - Test passed: testUpdateProduct
2026-05-26 21:50:20.747 [main] INFO  c.f.automation.utils.LoggerUtil - Test started: testUpdateProduct
2026-05-26 21:50:20.747 [main] INFO  c.f.automation.utils.LoggerUtil - ========== Test: Update Product ==========
2026-05-26 21:50:20.747 [main] INFO  c.f.automation.utils.LoggerUtil - Test Data: {UpdatedDescription=Updated winter jacket, UpdatedImage=https://i.pravatar.cc, TestCase=TC2, UpdatedTitle=Updated Jacket, UpdatedPrice=250, ProductId=2, UpdatedCategory=men's clothing}
2026-05-26 21:50:20.748 [main] INFO  c.f.automation.utils.LoggerUtil - Executing Test Case: TC2
2026-05-26 21:50:20.748 [main] INFO  c.f.automation.utils.LoggerUtil - Updating Product ID: 2
2026-05-26 21:50:20.748 [main] INFO  c.f.automation.utils.LoggerUtil - Product Update Payload: {image=https://i.pravatar.cc, price=250.0, description=Updated winter jacket, title=Updated Jacket, category=men's clothing}
2026-05-26 21:50:20.748 [main] INFO  c.f.automation.utils.LoggerUtil - ✓ Payload Data Validation PASSED: All required fields have values
2026-05-26 21:50:20.748 [main] INFO  c.f.automation.utils.LoggerUtil - Updating product with ID: 2
2026-05-26 21:50:20.748 [main] DEBUG c.f.automation.utils.LoggerUtil - URL after placeholder substitution: /products/2
2026-05-26 21:50:20.748 [main] INFO  c.f.automation.utils.LoggerUtil - Sending HTTP Request --> PUT https://fakestoreapi.com/products/2
2026-05-26 21:50:20.749 [main] DEBUG c.f.automation.utils.LoggerUtil - Request Payload: {
  "image" : "https://i.pravatar.cc",
  "price" : 250.0,
  "description" : "Updated winter jacket",
  "title" : "Updated Jacket",
  "category" : "men's clothing"
}
2026-05-26 21:50:20.749 [main] DEBUG c.f.automation.utils.LoggerUtil - REST call timeout configured: 5 minutes
2026-05-26 21:50:20.749 [main] INFO  c.f.automation.utils.LoggerUtil - Headers: {Accept=application/json, Content-Type=application/json}
2026-05-26 21:50:21.319 [main] INFO  c.f.automation.utils.LoggerUtil - Response Code: 200
2026-05-26 21:50:21.319 [main] INFO  c.f.automation.utils.LoggerUtil - Response Time: 0 seconds
2026-05-26 21:50:21.320 [main] INFO  c.f.automation.utils.LoggerUtil - Response Code: 200
2026-05-26 21:50:21.320 [main] INFO  c.f.automation.utils.LoggerUtil - Response Body: {"id":2,"title":"Updated Jacket","price":250,"description":"Updated winter jacket","image":"https://i.pravatar.cc","category":"men's clothing"}
2026-05-26 21:50:21.322 [main] INFO  c.f.automation.utils.LoggerUtil - ✓ Status Code Validation PASSED: Response code 200 is a success code
2026-05-26 21:50:21.323 [main] INFO  c.f.automation.utils.LoggerUtil - ✓ Response Body Validation PASSED: Contains 'id' field
2026-05-26 21:50:21.323 [main] INFO  c.f.automation.utils.LoggerUtil - ✓ Response Body Validation PASSED: Contains 'title' field
2026-05-26 21:50:21.323 [main] INFO  c.f.automation.utils.LoggerUtil - ✓ Response Body Validation PASSED: Contains 'price' field
2026-05-26 21:50:21.323 [main] INFO  c.f.automation.utils.LoggerUtil - ✓ Response Structure Validation PASSED: Valid JSON format
2026-05-26 21:50:21.323 [main] INFO  c.f.automation.utils.LoggerUtil - ✓ Product ID Validation PASSED: ID matches requested product (2)
2026-05-26 21:50:21.324 [main] INFO  c.f.automation.utils.LoggerUtil - ✓ Updated Title Validation PASSED: Response contains 'Updated Jacket'
2026-05-26 21:50:21.324 [main] INFO  c.f.automation.utils.LoggerUtil - ✓ Updated Price Validation PASSED: Response contains price '250.0'
2026-05-26 21:50:21.324 [main] INFO  c.f.automation.utils.LoggerUtil - ✓ Updated Description Validation PASSED: Response contains description
2026-05-26 21:50:21.324 [main] INFO  c.f.automation.utils.LoggerUtil - ========== Test Completed: TC2 ==========
2026-05-26 21:50:21.324 [main] INFO  c.f.automation.utils.LoggerUtil - Test passed: testUpdateProduct
2026-05-26 21:50:21.330 [main] INFO  c.f.automation.utils.LoggerUtil - Test started: testUpdateProduct
2026-05-26 21:50:21.330 [main] INFO  c.f.automation.utils.LoggerUtil - ========== Test: Update Product ==========
2026-05-26 21:50:21.330 [main] INFO  c.f.automation.utils.LoggerUtil - Test Data: {UpdatedDescription=Zero price validation, UpdatedImage=https://i.pravatar.cc, TestCase=TC3, UpdatedTitle=Updated Jewelery, UpdatedPrice=0, ProductId=3, UpdatedCategory=jewelery}
2026-05-26 21:50:21.331 [main] INFO  c.f.automation.utils.LoggerUtil - Executing Test Case: TC3
2026-05-26 21:50:21.331 [main] INFO  c.f.automation.utils.LoggerUtil - Updating Product ID: 3
2026-05-26 21:50:21.331 [main] INFO  c.f.automation.utils.LoggerUtil - Product Update Payload: {image=https://i.pravatar.cc, price=0.0, description=Zero price validation, title=Updated Jewelery, category=jewelery}
2026-05-26 21:50:21.331 [main] INFO  c.f.automation.utils.LoggerUtil - ✓ Payload Data Validation PASSED: All required fields have values
2026-05-26 21:50:21.331 [main] INFO  c.f.automation.utils.LoggerUtil - Updating product with ID: 3
2026-05-26 21:50:21.331 [main] DEBUG c.f.automation.utils.LoggerUtil - URL after placeholder substitution: /products/3
2026-05-26 21:50:21.332 [main] INFO  c.f.automation.utils.LoggerUtil - Sending HTTP Request --> PUT https://fakestoreapi.com/products/3
2026-05-26 21:50:21.332 [main] DEBUG c.f.automation.utils.LoggerUtil - Request Payload: {
  "image" : "https://i.pravatar.cc",
  "price" : 0.0,
  "description" : "Zero price validation",
  "title" : "Updated Jewelery",
  "category" : "jewelery"
}
2026-05-26 21:50:21.332 [main] DEBUG c.f.automation.utils.LoggerUtil - REST call timeout configured: 5 minutes
2026-05-26 21:50:21.332 [main] INFO  c.f.automation.utils.LoggerUtil - Headers: {Accept=application/json, Content-Type=application/json}
2026-05-26 21:50:22.337 [main] INFO  c.f.automation.utils.LoggerUtil - Response Code: 200
2026-05-26 21:50:22.338 [main] INFO  c.f.automation.utils.LoggerUtil - Response Time: 1 seconds
2026-05-26 21:50:22.338 [main] INFO  c.f.automation.utils.LoggerUtil - Response Code: 200
2026-05-26 21:50:22.338 [main] INFO  c.f.automation.utils.LoggerUtil - Response Body: {"id":3,"title":"Updated Jewelery","price":0,"description":"Zero price validation","image":"https://i.pravatar.cc","category":"jewelery"}
2026-05-26 21:50:22.339 [main] INFO  c.f.automation.utils.LoggerUtil - ✓ Status Code Validation PASSED: Response code 200 is a success code
2026-05-26 21:50:22.339 [main] INFO  c.f.automation.utils.LoggerUtil - ✓ Response Body Validation PASSED: Contains 'id' field
2026-05-26 21:50:22.339 [main] INFO  c.f.automation.utils.LoggerUtil - ✓ Response Body Validation PASSED: Contains 'title' field
2026-05-26 21:50:22.339 [main] INFO  c.f.automation.utils.LoggerUtil - ✓ Response Body Validation PASSED: Contains 'price' field
2026-05-26 21:50:22.339 [main] INFO  c.f.automation.utils.LoggerUtil - ✓ Response Structure Validation PASSED: Valid JSON format
2026-05-26 21:50:22.340 [main] INFO  c.f.automation.utils.LoggerUtil - ✓ Product ID Validation PASSED: ID matches requested product (3)
2026-05-26 21:50:22.340 [main] INFO  c.f.automation.utils.LoggerUtil - ✓ Updated Title Validation PASSED: Response contains 'Updated Jewelery'
2026-05-26 21:50:22.340 [main] INFO  c.f.automation.utils.LoggerUtil - ✓ Updated Price Validation PASSED: Response contains price '0.0'
2026-05-26 21:50:22.340 [main] INFO  c.f.automation.utils.LoggerUtil - ✓ Updated Description Validation PASSED: Response contains description
2026-05-26 21:50:22.340 [main] INFO  c.f.automation.utils.LoggerUtil - ========== Test Completed: TC3 ==========
2026-05-26 21:50:22.340 [main] INFO  c.f.automation.utils.LoggerUtil - Test passed: testUpdateProduct
2026-05-26 21:50:22.343 [main] INFO  c.f.automation.utils.LoggerUtil - Tearing down ProductTests...
2026-05-26 21:50:22.343 [main] INFO  c.f.automation.utils.LoggerUtil - ProductTests teardown completed
2026-05-26 21:50:22.343 [main] INFO  c.f.automation.utils.LoggerUtil - Test Suite finished: Product_UpdateProduct
2026-05-26 21:50:22.364 [main] INFO  c.f.automation.utils.LoggerUtil - Extent Report flushed successfully
2026-05-26 21:50:22.384 [main] INFO  c.f.automation.utils.LoggerUtil - Test Suite started: Product_DeleteProduct
2026-05-26 21:50:22.385 [main] INFO  c.f.automation.utils.LoggerUtil - Setting up ProductTests...
2026-05-26 21:50:22.385 [main] INFO  c.f.automation.utils.LoggerUtil - ProductTests setup completed
2026-05-26 21:50:22.385 [main] INFO  c.f.automation.utils.LoggerUtil - Loading test data from: ./src/main/resources/testdata/combinedTestData.xlsx:DeleteProduct
2026-05-26 21:50:22.385 [main] INFO  c.f.automation.utils.LoggerUtil - Test data sets filter: ALL
2026-05-26 21:50:22.385 [main] INFO  c.f.automation.utils.LoggerUtil - Excel File: ./src/main/resources/testdata/combinedTestData.xlsx
2026-05-26 21:50:22.387 [main] INFO  c.f.automation.utils.LoggerUtil - Sheet Name: DeleteProduct
2026-05-26 21:50:22.480 [main] INFO  c.f.automation.utils.LoggerUtil - Excel file loaded: ./src/main/resources/testdata/combinedTestData.xlsx
2026-05-26 21:50:22.483 [main] INFO  c.f.automation.utils.LoggerUtil - Total test data rows loaded: 4
2026-05-26 21:50:22.483 [main] INFO  c.f.automation.utils.LoggerUtil - Excel workbook closed
2026-05-26 21:50:22.485 [main] INFO  c.f.automation.utils.LoggerUtil - Test started: testDeleteProduct
2026-05-26 21:50:22.485 [main] INFO  c.f.automation.utils.LoggerUtil - ========== Test: Delete Product ==========
2026-05-26 21:50:22.485 [main] INFO  c.f.automation.utils.LoggerUtil - Test Data: {TestCase=TC1, ProductId=1}
2026-05-26 21:50:22.487 [main] INFO  c.f.automation.utils.LoggerUtil - Executing Test Case: TC1
2026-05-26 21:50:22.487 [main] INFO  c.f.automation.utils.LoggerUtil - Deleting Product ID: 1
2026-05-26 21:50:22.487 [main] INFO  c.f.automation.utils.LoggerUtil - Deleting product with ID: 1
2026-05-26 21:50:22.487 [main] DEBUG c.f.automation.utils.LoggerUtil - URL after placeholder substitution: /products/1
2026-05-26 21:50:22.487 [main] INFO  c.f.automation.utils.LoggerUtil - Sending HTTP Request --> DELETE https://fakestoreapi.com/products/1
2026-05-26 21:50:22.487 [main] DEBUG c.f.automation.utils.LoggerUtil - REST call timeout configured: 5 minutes
2026-05-26 21:50:22.487 [main] INFO  c.f.automation.utils.LoggerUtil - Headers: {Accept=application/json, Content-Type=application/json}
2026-05-26 21:50:22.980 [main] INFO  c.f.automation.utils.LoggerUtil - Response Code: 200
2026-05-26 21:50:22.981 [main] INFO  c.f.automation.utils.LoggerUtil - Response Time: 0 seconds
2026-05-26 21:50:22.981 [main] INFO  c.f.automation.utils.LoggerUtil - Response Code: 200
2026-05-26 21:50:22.982 [main] INFO  c.f.automation.utils.LoggerUtil - Response Body: {"id":1,"title":"Fjallraven - Foldsack No. 1 Backpack, Fits 15 Laptops","price":109.95,"description":"Your perfect pack for everyday use and walks in the forest. Stash your laptop (up to 15 inches) in the padded sleeve, your everyday","category":"men's clothing","image":"https://fakestoreapi.com/img/81fPKd-2AYL._AC_SL1500_t.png","rating":{"rate":3.9,"count":120}}
2026-05-26 21:50:22.983 [main] INFO  c.f.automation.utils.LoggerUtil - ✓ Status Code Validation PASSED: Response code 200 is a success code
2026-05-26 21:50:22.984 [main] INFO  c.f.automation.utils.LoggerUtil - ✓ Response Body Validation PASSED: Contains 'id' field
2026-05-26 21:50:22.984 [main] INFO  c.f.automation.utils.LoggerUtil - ✓ Response Structure Validation PASSED: Valid JSON format
2026-05-26 21:50:22.984 [main] INFO  c.f.automation.utils.LoggerUtil - ✓ Product ID Validation PASSED: ID matches deleted product (1)
2026-05-26 21:50:22.985 [main] INFO  c.f.automation.utils.LoggerUtil - ========== Test Completed: TC1 ==========
2026-05-26 21:50:22.985 [main] INFO  c.f.automation.utils.LoggerUtil - Test passed: testDeleteProduct
2026-05-26 21:50:22.988 [main] INFO  c.f.automation.utils.LoggerUtil - Test started: testDeleteProduct
2026-05-26 21:50:22.989 [main] INFO  c.f.automation.utils.LoggerUtil - ========== Test: Delete Product ==========
2026-05-26 21:50:22.989 [main] INFO  c.f.automation.utils.LoggerUtil - Test Data: {TestCase=TC2, ProductId=5}
2026-05-26 21:50:22.989 [main] INFO  c.f.automation.utils.LoggerUtil - Executing Test Case: TC2
2026-05-26 21:50:22.990 [main] INFO  c.f.automation.utils.LoggerUtil - Deleting Product ID: 5
2026-05-26 21:50:22.990 [main] INFO  c.f.automation.utils.LoggerUtil - Deleting product with ID: 5
2026-05-26 21:50:22.990 [main] DEBUG c.f.automation.utils.LoggerUtil - URL after placeholder substitution: /products/5
2026-05-26 21:50:22.990 [main] INFO  c.f.automation.utils.LoggerUtil - Sending HTTP Request --> DELETE https://fakestoreapi.com/products/5
2026-05-26 21:50:22.991 [main] DEBUG c.f.automation.utils.LoggerUtil - REST call timeout configured: 5 minutes
2026-05-26 21:50:22.991 [main] INFO  c.f.automation.utils.LoggerUtil - Headers: {Accept=application/json, Content-Type=application/json}
2026-05-26 21:50:23.481 [main] INFO  c.f.automation.utils.LoggerUtil - Response Code: 200
2026-05-26 21:50:23.481 [main] INFO  c.f.automation.utils.LoggerUtil - Response Time: 0 seconds
2026-05-26 21:50:23.483 [main] INFO  c.f.automation.utils.LoggerUtil - Response Code: 200
2026-05-26 21:50:23.483 [main] INFO  c.f.automation.utils.LoggerUtil - Response Body: {"id":5,"title":"John Hardy Women's Legends Naga Gold & Silver Dragon Station Chain Bracelet","price":695,"description":"From our Legends Collection, the Naga was inspired by the mythical water dragon that protects the ocean's pearl. Wear facing inward to be bestowed with love and abundance, or outward for protection.","category":"jewelery","image":"https://fakestoreapi.com/img/71pWzhdJNwL._AC_UL640_QL65_ML3_t.png","rating":{"rate":4.6,"count":400}}
2026-05-26 21:50:23.483 [main] INFO  c.f.automation.utils.LoggerUtil - ✓ Status Code Validation PASSED: Response code 200 is a success code
2026-05-26 21:50:23.483 [main] INFO  c.f.automation.utils.LoggerUtil - ✓ Response Body Validation PASSED: Contains 'id' field
2026-05-26 21:50:23.483 [main] INFO  c.f.automation.utils.LoggerUtil - ✓ Response Structure Validation PASSED: Valid JSON format
2026-05-26 21:50:23.483 [main] INFO  c.f.automation.utils.LoggerUtil - ✓ Product ID Validation PASSED: ID matches deleted product (5)
2026-05-26 21:50:23.483 [main] INFO  c.f.automation.utils.LoggerUtil - ========== Test Completed: TC2 ==========
2026-05-26 21:50:23.483 [main] INFO  c.f.automation.utils.LoggerUtil - Test passed: testDeleteProduct
2026-05-26 21:50:23.488 [main] INFO  c.f.automation.utils.LoggerUtil - Test started: testDeleteProduct
2026-05-26 21:50:23.490 [main] INFO  c.f.automation.utils.LoggerUtil - ========== Test: Delete Product ==========
2026-05-26 21:50:23.492 [main] INFO  c.f.automation.utils.LoggerUtil - Test Data: {TestCase=TC3, ProductId=20}
2026-05-26 21:50:23.492 [main] INFO  c.f.automation.utils.LoggerUtil - Executing Test Case: TC3
2026-05-26 21:50:23.492 [main] INFO  c.f.automation.utils.LoggerUtil - Deleting Product ID: 20
2026-05-26 21:50:23.492 [main] INFO  c.f.automation.utils.LoggerUtil - Deleting product with ID: 20
2026-05-26 21:50:23.492 [main] DEBUG c.f.automation.utils.LoggerUtil - URL after placeholder substitution: /products/20
2026-05-26 21:50:23.492 [main] INFO  c.f.automation.utils.LoggerUtil - Sending HTTP Request --> DELETE https://fakestoreapi.com/products/20
2026-05-26 21:50:23.492 [main] DEBUG c.f.automation.utils.LoggerUtil - REST call timeout configured: 5 minutes
2026-05-26 21:50:23.492 [main] INFO  c.f.automation.utils.LoggerUtil - Headers: {Accept=application/json, Content-Type=application/json}
2026-05-26 21:50:24.010 [main] INFO  c.f.automation.utils.LoggerUtil - Response Code: 200
2026-05-26 21:50:24.012 [main] INFO  c.f.automation.utils.LoggerUtil - Response Time: 0 seconds
2026-05-26 21:50:24.012 [main] INFO  c.f.automation.utils.LoggerUtil - Response Code: 200
2026-05-26 21:50:24.012 [main] INFO  c.f.automation.utils.LoggerUtil - Response Body: {"id":20,"title":"DANVOUY Womens T Shirt Casual Cotton Short","price":12.99,"description":"95%Cotton,5%Spandex, Features: Casual, Short Sleeve, Letter Print,V-Neck,Fashion Tees, The fabric is soft and has some stretch., Occasion: Casual/Office/Beach/School/Home/Street. Season: Spring,Summer,Autumn,Winter.","category":"women's clothing","image":"https://fakestoreapi.com/img/61pHAEJ4NML._AC_UX679_t.png","rating":{"rate":3.6,"count":145}}
2026-05-26 21:50:24.014 [main] INFO  c.f.automation.utils.LoggerUtil - ✓ Status Code Validation PASSED: Response code 200 is a success code
2026-05-26 21:50:24.014 [main] INFO  c.f.automation.utils.LoggerUtil - ✓ Response Body Validation PASSED: Contains 'id' field
2026-05-26 21:50:24.014 [main] INFO  c.f.automation.utils.LoggerUtil - ✓ Response Structure Validation PASSED: Valid JSON format
2026-05-26 21:50:24.014 [main] INFO  c.f.automation.utils.LoggerUtil - ✓ Product ID Validation PASSED: ID matches deleted product (20)
2026-05-26 21:50:24.014 [main] INFO  c.f.automation.utils.LoggerUtil - ========== Test Completed: TC3 ==========
2026-05-26 21:50:24.014 [main] INFO  c.f.automation.utils.LoggerUtil - Test passed: testDeleteProduct
2026-05-26 21:50:24.022 [main] INFO  c.f.automation.utils.LoggerUtil - Test started: testDeleteProduct
2026-05-26 21:50:24.022 [main] INFO  c.f.automation.utils.LoggerUtil - ========== Test: Delete Product ==========
2026-05-26 21:50:24.022 [main] INFO  c.f.automation.utils.LoggerUtil - Test Data: {TestCase=TC4, ProductId=999}
2026-05-26 21:50:24.024 [main] INFO  c.f.automation.utils.LoggerUtil - Executing Test Case: TC4
2026-05-26 21:50:24.024 [main] INFO  c.f.automation.utils.LoggerUtil - Deleting Product ID: 999
2026-05-26 21:50:24.024 [main] INFO  c.f.automation.utils.LoggerUtil - Deleting product with ID: 999
2026-05-26 21:50:24.024 [main] DEBUG c.f.automation.utils.LoggerUtil - URL after placeholder substitution: /products/999
2026-05-26 21:50:24.024 [main] INFO  c.f.automation.utils.LoggerUtil - Sending HTTP Request --> DELETE https://fakestoreapi.com/products/999
2026-05-26 21:50:24.024 [main] DEBUG c.f.automation.utils.LoggerUtil - REST call timeout configured: 5 minutes
2026-05-26 21:50:24.024 [main] INFO  c.f.automation.utils.LoggerUtil - Headers: {Accept=application/json, Content-Type=application/json}
2026-05-26 21:50:24.606 [main] INFO  c.f.automation.utils.LoggerUtil - Response Code: 200
2026-05-26 21:50:24.606 [main] INFO  c.f.automation.utils.LoggerUtil - Response Time: 0 seconds
2026-05-26 21:50:24.609 [main] INFO  c.f.automation.utils.LoggerUtil - Response Code: 200
2026-05-26 21:50:24.609 [main] INFO  c.f.automation.utils.LoggerUtil - Response Body: 
2026-05-26 21:50:24.609 [main] INFO  c.f.automation.utils.LoggerUtil - ✓ Status Code Validation PASSED: Response code 200 is a success code
2026-05-26 21:50:24.610 [main] INFO  c.f.automation.utils.LoggerUtil - ========== Test Completed: TC4 ==========
2026-05-26 21:50:24.610 [main] INFO  c.f.automation.utils.LoggerUtil - Test passed: testDeleteProduct
2026-05-26 21:50:24.623 [main] INFO  c.f.automation.utils.LoggerUtil - Tearing down ProductTests...
2026-05-26 21:50:24.624 [main] INFO  c.f.automation.utils.LoggerUtil - ProductTests teardown completed
2026-05-26 21:50:24.624 [main] INFO  c.f.automation.utils.LoggerUtil - Test Suite finished: Product_DeleteProduct
2026-05-26 21:50:24.800 [main] INFO  c.f.automation.utils.LoggerUtil - Extent Report flushed successfully
2026-05-26 21:50:24.830 [main] INFO  c.f.automation.utils.LoggerUtil - Test Suite started: Cart_AddNewCart
2026-05-26 21:50:24.833 [main] INFO  c.f.automation.utils.LoggerUtil - Setting up CartTests...
2026-05-26 21:50:24.838 [main] INFO  c.f.automation.utils.LoggerUtil - CartTests setup completed
2026-05-26 21:50:24.841 [main] INFO  c.f.automation.utils.LoggerUtil - Loading test data from: ./src/main/resources/testdata/combinedTestData.xlsx:AddNewCart
2026-05-26 21:50:24.841 [main] INFO  c.f.automation.utils.LoggerUtil - Test data sets filter: ALL
2026-05-26 21:50:24.842 [main] INFO  c.f.automation.utils.LoggerUtil - Excel File: ./src/main/resources/testdata/combinedTestData.xlsx
2026-05-26 21:50:24.842 [main] INFO  c.f.automation.utils.LoggerUtil - Sheet Name: AddNewCart
2026-05-26 21:50:25.405 [main] INFO  c.f.automation.utils.LoggerUtil - Excel file loaded: ./src/main/resources/testdata/combinedTestData.xlsx
2026-05-26 21:50:25.434 [main] INFO  c.f.automation.utils.LoggerUtil - Total test data rows loaded: 5
2026-05-26 21:50:25.435 [main] INFO  c.f.automation.utils.LoggerUtil - Excel workbook closed
2026-05-26 21:50:25.438 [main] INFO  c.f.automation.utils.LoggerUtil - Test started: testAddNewCart
2026-05-26 21:50:25.440 [main] INFO  c.f.automation.utils.LoggerUtil - ========== Test: Add New Cart ==========
2026-05-26 21:50:25.441 [main] INFO  c.f.automation.utils.LoggerUtil - Test Data: {Quantity1=2, Quantity2=1, TestCase=TC1, UserId=1, ProductId2=2, ProductId1=1, Date=Mon May 26 00:00:00 IST 2025}
2026-05-26 21:50:25.441 [main] INFO  c.f.automation.utils.LoggerUtil - Executing Test Case: TC1
2026-05-26 21:50:25.442 [main] INFO  c.f.automation.utils.LoggerUtil - User ID: 1
2026-05-26 21:50:25.442 [main] INFO  c.f.automation.utils.LoggerUtil - Date: Mon May 26 00:00:00 IST 2025
2026-05-26 21:50:25.443 [main] INFO  c.f.automation.utils.LoggerUtil - Added Product 1: ID=1, Quantity=2
2026-05-26 21:50:25.443 [main] INFO  c.f.automation.utils.LoggerUtil - Added Product 2: ID=2, Quantity=1
2026-05-26 21:50:25.450 [main] INFO  c.f.automation.utils.LoggerUtil - Cart Payload: {date=Mon May 26 00:00:00 IST 2025, userId=1, products=[{quantity=2, productId=1}, {quantity=1, productId=2}]}
2026-05-26 21:50:25.450 [main] INFO  c.f.automation.utils.LoggerUtil - ✓ Payload Data Validation PASSED: All required fields have values
2026-05-26 21:50:25.452 [main] INFO  c.f.automation.utils.LoggerUtil - Creating new cart
2026-05-26 21:50:25.468 [main] INFO  c.f.automation.utils.LoggerUtil - Sending HTTP Request --> POST https://fakestoreapi.com/carts
2026-05-26 21:50:25.468 [main] DEBUG c.f.automation.utils.LoggerUtil - Request Payload: {
  "date" : "Mon May 26 00:00:00 IST 2025",
  "userId" : 1,
  "products" : [ {
    "quantity" : 2,
    "productId" : 1
  }, {
    "quantity" : 1,
    "productId" : 2
  } ]
}
2026-05-26 21:50:25.468 [main] DEBUG c.f.automation.utils.LoggerUtil - REST call timeout configured: 5 minutes
2026-05-26 21:50:25.468 [main] INFO  c.f.automation.utils.LoggerUtil - Headers: {Accept=application/json, Content-Type=application/json}
2026-05-26 21:50:26.073 [main] INFO  c.f.automation.utils.LoggerUtil - Response Code: 201
2026-05-26 21:50:26.073 [main] INFO  c.f.automation.utils.LoggerUtil - Response Time: 0 seconds
2026-05-26 21:50:26.077 [main] INFO  c.f.automation.utils.LoggerUtil - Response Code: 201
2026-05-26 21:50:26.077 [main] INFO  c.f.automation.utils.LoggerUtil - Response Body: {"id":11,"userId":1,"date":"Mon May 26 00:00:00 IST 2025","products":[{"quantity":2,"productId":1},{"quantity":1,"productId":2}]}
2026-05-26 21:50:26.080 [main] INFO  c.f.automation.utils.LoggerUtil - ✓ Status Code Validation PASSED: Response code 201 is a success code
2026-05-26 21:50:26.081 [main] INFO  c.f.automation.utils.LoggerUtil - ✓ Response Body Validation PASSED: Contains 'id' field
2026-05-26 21:50:26.081 [main] INFO  c.f.automation.utils.LoggerUtil - ✓ Response Body Validation PASSED: Contains 'userId' field
2026-05-26 21:50:26.081 [main] INFO  c.f.automation.utils.LoggerUtil - ✓ Response Body Validation PASSED: Contains 'products' field
2026-05-26 21:50:26.082 [main] INFO  c.f.automation.utils.LoggerUtil - ✓ Response Structure Validation PASSED: Valid JSON format
2026-05-26 21:50:26.082 [main] INFO  c.f.automation.utils.LoggerUtil - ✓ User ID Validation PASSED: ID matches requested user (1)
2026-05-26 21:50:26.083 [main] INFO  c.f.automation.utils.LoggerUtil - ========== Test Completed: TC1 ==========
2026-05-26 21:50:26.084 [main] INFO  c.f.automation.utils.LoggerUtil - Test passed: testAddNewCart
2026-05-26 21:50:26.089 [main] INFO  c.f.automation.utils.LoggerUtil - Test started: testAddNewCart
2026-05-26 21:50:26.091 [main] INFO  c.f.automation.utils.LoggerUtil - ========== Test: Add New Cart ==========
2026-05-26 21:50:26.092 [main] INFO  c.f.automation.utils.LoggerUtil - Test Data: {Quantity1=5, Quantity2=, TestCase=TC2, UserId=2, ProductId2=, ProductId1=5, Date=Mon May 26 00:00:00 IST 2025}
2026-05-26 21:50:26.092 [main] INFO  c.f.automation.utils.LoggerUtil - Executing Test Case: TC2
2026-05-26 21:50:26.092 [main] INFO  c.f.automation.utils.LoggerUtil - User ID: 2
2026-05-26 21:50:26.092 [main] INFO  c.f.automation.utils.LoggerUtil - Date: Mon May 26 00:00:00 IST 2025
2026-05-26 21:50:26.092 [main] INFO  c.f.automation.utils.LoggerUtil - Added Product 1: ID=5, Quantity=5
2026-05-26 21:50:26.093 [main] INFO  c.f.automation.utils.LoggerUtil - Cart Payload: {date=Mon May 26 00:00:00 IST 2025, userId=2, products=[{quantity=5, productId=5}]}
2026-05-26 21:50:26.095 [main] INFO  c.f.automation.utils.LoggerUtil - ✓ Payload Data Validation PASSED: All required fields have values
2026-05-26 21:50:26.095 [main] INFO  c.f.automation.utils.LoggerUtil - Creating new cart
2026-05-26 21:50:26.098 [main] INFO  c.f.automation.utils.LoggerUtil - Sending HTTP Request --> POST https://fakestoreapi.com/carts
2026-05-26 21:50:26.098 [main] DEBUG c.f.automation.utils.LoggerUtil - Request Payload: {
  "date" : "Mon May 26 00:00:00 IST 2025",
  "userId" : 2,
  "products" : [ {
    "quantity" : 5,
    "productId" : 5
  } ]
}
2026-05-26 21:50:26.098 [main] DEBUG c.f.automation.utils.LoggerUtil - REST call timeout configured: 5 minutes
2026-05-26 21:50:26.098 [main] INFO  c.f.automation.utils.LoggerUtil - Headers: {Accept=application/json, Content-Type=application/json}
2026-05-26 21:50:26.725 [main] INFO  c.f.automation.utils.LoggerUtil - Response Code: 201
2026-05-26 21:50:26.725 [main] INFO  c.f.automation.utils.LoggerUtil - Response Time: 0 seconds
2026-05-26 21:50:26.725 [main] INFO  c.f.automation.utils.LoggerUtil - Response Code: 201
2026-05-26 21:50:26.725 [main] INFO  c.f.automation.utils.LoggerUtil - Response Body: {"id":11,"userId":2,"date":"Mon May 26 00:00:00 IST 2025","products":[{"quantity":5,"productId":5}]}
2026-05-26 21:50:26.730 [main] INFO  c.f.automation.utils.LoggerUtil - ✓ Status Code Validation PASSED: Response code 201 is a success code
2026-05-26 21:50:26.731 [main] INFO  c.f.automation.utils.LoggerUtil - ✓ Response Body Validation PASSED: Contains 'id' field
2026-05-26 21:50:26.731 [main] INFO  c.f.automation.utils.LoggerUtil - ✓ Response Body Validation PASSED: Contains 'userId' field
2026-05-26 21:50:26.731 [main] INFO  c.f.automation.utils.LoggerUtil - ✓ Response Body Validation PASSED: Contains 'products' field
2026-05-26 21:50:26.731 [main] INFO  c.f.automation.utils.LoggerUtil - ✓ Response Structure Validation PASSED: Valid JSON format
2026-05-26 21:50:26.731 [main] INFO  c.f.automation.utils.LoggerUtil - ✓ User ID Validation PASSED: ID matches requested user (2)
2026-05-26 21:50:26.731 [main] INFO  c.f.automation.utils.LoggerUtil - ========== Test Completed: TC2 ==========
2026-05-26 21:50:26.732 [main] INFO  c.f.automation.utils.LoggerUtil - Test passed: testAddNewCart
2026-05-26 21:50:26.738 [main] INFO  c.f.automation.utils.LoggerUtil - Test started: testAddNewCart
2026-05-26 21:50:26.739 [main] INFO  c.f.automation.utils.LoggerUtil - ========== Test: Add New Cart ==========
2026-05-26 21:50:26.739 [main] INFO  c.f.automation.utils.LoggerUtil - Test Data: {Quantity1=0, Quantity2=, TestCase=TC3, UserId=3, ProductId2=, ProductId1=10, Date=Mon May 26 00:00:00 IST 2025}
2026-05-26 21:50:26.739 [main] INFO  c.f.automation.utils.LoggerUtil - Executing Test Case: TC3
2026-05-26 21:50:26.739 [main] INFO  c.f.automation.utils.LoggerUtil - User ID: 3
2026-05-26 21:50:26.739 [main] INFO  c.f.automation.utils.LoggerUtil - Date: Mon May 26 00:00:00 IST 2025
2026-05-26 21:50:26.739 [main] INFO  c.f.automation.utils.LoggerUtil - Added Product 1: ID=10, Quantity=0
2026-05-26 21:50:26.739 [main] INFO  c.f.automation.utils.LoggerUtil - Cart Payload: {date=Mon May 26 00:00:00 IST 2025, userId=3, products=[{quantity=0, productId=10}]}
2026-05-26 21:50:26.740 [main] INFO  c.f.automation.utils.LoggerUtil - ✓ Payload Data Validation PASSED: All required fields have values
2026-05-26 21:50:26.740 [main] INFO  c.f.automation.utils.LoggerUtil - Creating new cart
2026-05-26 21:50:26.740 [main] INFO  c.f.automation.utils.LoggerUtil - Sending HTTP Request --> POST https://fakestoreapi.com/carts
2026-05-26 21:50:26.740 [main] DEBUG c.f.automation.utils.LoggerUtil - Request Payload: {
  "date" : "Mon May 26 00:00:00 IST 2025",
  "userId" : 3,
  "products" : [ {
    "quantity" : 0,
    "productId" : 10
  } ]
}
2026-05-26 21:50:26.741 [main] DEBUG c.f.automation.utils.LoggerUtil - REST call timeout configured: 5 minutes
2026-05-26 21:50:26.741 [main] INFO  c.f.automation.utils.LoggerUtil - Headers: {Accept=application/json, Content-Type=application/json}
2026-05-26 21:50:27.248 [main] INFO  c.f.automation.utils.LoggerUtil - Response Code: 201
2026-05-26 21:50:27.251 [main] INFO  c.f.automation.utils.LoggerUtil - Response Time: 0 seconds
2026-05-26 21:50:27.251 [main] INFO  c.f.automation.utils.LoggerUtil - Response Code: 201
2026-05-26 21:50:27.251 [main] INFO  c.f.automation.utils.LoggerUtil - Response Body: {"id":11,"userId":3,"date":"Mon May 26 00:00:00 IST 2025","products":[{"quantity":0,"productId":10}]}
2026-05-26 21:50:27.252 [main] INFO  c.f.automation.utils.LoggerUtil - ✓ Status Code Validation PASSED: Response code 201 is a success code
2026-05-26 21:50:27.252 [main] INFO  c.f.automation.utils.LoggerUtil - ✓ Response Body Validation PASSED: Contains 'id' field
2026-05-26 21:50:27.252 [main] INFO  c.f.automation.utils.LoggerUtil - ✓ Response Body Validation PASSED: Contains 'userId' field
2026-05-26 21:50:27.252 [main] INFO  c.f.automation.utils.LoggerUtil - ✓ Response Body Validation PASSED: Contains 'products' field
2026-05-26 21:50:27.252 [main] INFO  c.f.automation.utils.LoggerUtil - ✓ Response Structure Validation PASSED: Valid JSON format
2026-05-26 21:50:27.252 [main] INFO  c.f.automation.utils.LoggerUtil - ✓ User ID Validation PASSED: ID matches requested user (3)
2026-05-26 21:50:27.252 [main] INFO  c.f.automation.utils.LoggerUtil - ========== Test Completed: TC3 ==========
2026-05-26 21:50:27.271 [main] INFO  c.f.automation.utils.LoggerUtil - Test passed: testAddNewCart
2026-05-26 21:50:27.318 [main] INFO  c.f.automation.utils.LoggerUtil - Test started: testAddNewCart
2026-05-26 21:50:27.318 [main] INFO  c.f.automation.utils.LoggerUtil - ========== Test: Add New Cart ==========
2026-05-26 21:50:27.319 [main] INFO  c.f.automation.utils.LoggerUtil - Test Data: {Quantity1=1, Quantity2=, TestCase=TC4, UserId=4, ProductId2=, ProductId1=999, Date=Mon May 26 00:00:00 IST 2025}
2026-05-26 21:50:27.319 [main] INFO  c.f.automation.utils.LoggerUtil - Executing Test Case: TC4
2026-05-26 21:50:27.319 [main] INFO  c.f.automation.utils.LoggerUtil - User ID: 4
2026-05-26 21:50:27.319 [main] INFO  c.f.automation.utils.LoggerUtil - Date: Mon May 26 00:00:00 IST 2025
2026-05-26 21:50:27.319 [main] INFO  c.f.automation.utils.LoggerUtil - Added Product 1: ID=999, Quantity=1
2026-05-26 21:50:27.319 [main] INFO  c.f.automation.utils.LoggerUtil - Cart Payload: {date=Mon May 26 00:00:00 IST 2025, userId=4, products=[{quantity=1, productId=999}]}
2026-05-26 21:50:27.319 [main] INFO  c.f.automation.utils.LoggerUtil - ✓ Payload Data Validation PASSED: All required fields have values
2026-05-26 21:50:27.319 [main] INFO  c.f.automation.utils.LoggerUtil - Creating new cart
2026-05-26 21:50:27.320 [main] INFO  c.f.automation.utils.LoggerUtil - Sending HTTP Request --> POST https://fakestoreapi.com/carts
2026-05-26 21:50:27.320 [main] DEBUG c.f.automation.utils.LoggerUtil - Request Payload: {
  "date" : "Mon May 26 00:00:00 IST 2025",
  "userId" : 4,
  "products" : [ {
    "quantity" : 1,
    "productId" : 999
  } ]
}
2026-05-26 21:50:27.320 [main] DEBUG c.f.automation.utils.LoggerUtil - REST call timeout configured: 5 minutes
2026-05-26 21:50:27.320 [main] INFO  c.f.automation.utils.LoggerUtil - Headers: {Accept=application/json, Content-Type=application/json}
2026-05-26 21:50:28.285 [main] INFO  c.f.automation.utils.LoggerUtil - Response Code: 201
2026-05-26 21:50:28.285 [main] INFO  c.f.automation.utils.LoggerUtil - Response Time: 0 seconds
2026-05-26 21:50:28.285 [main] INFO  c.f.automation.utils.LoggerUtil - Response Code: 201
2026-05-26 21:50:28.285 [main] INFO  c.f.automation.utils.LoggerUtil - Response Body: {"id":11,"userId":4,"date":"Mon May 26 00:00:00 IST 2025","products":[{"quantity":1,"productId":999}]}
2026-05-26 21:50:28.285 [main] INFO  c.f.automation.utils.LoggerUtil - ✓ Status Code Validation PASSED: Response code 201 is a success code
2026-05-26 21:50:28.285 [main] INFO  c.f.automation.utils.LoggerUtil - ✓ Response Body Validation PASSED: Contains 'id' field
2026-05-26 21:50:28.285 [main] INFO  c.f.automation.utils.LoggerUtil - ✓ Response Body Validation PASSED: Contains 'userId' field
2026-05-26 21:50:28.285 [main] INFO  c.f.automation.utils.LoggerUtil - ✓ Response Body Validation PASSED: Contains 'products' field
2026-05-26 21:50:28.285 [main] INFO  c.f.automation.utils.LoggerUtil - ✓ Response Structure Validation PASSED: Valid JSON format
2026-05-26 21:50:28.285 [main] INFO  c.f.automation.utils.LoggerUtil - ✓ User ID Validation PASSED: ID matches requested user (4)
2026-05-26 21:50:28.285 [main] INFO  c.f.automation.utils.LoggerUtil - ========== Test Completed: TC4 ==========
2026-05-26 21:50:28.285 [main] INFO  c.f.automation.utils.LoggerUtil - Test passed: testAddNewCart
2026-05-26 21:50:28.285 [main] INFO  c.f.automation.utils.LoggerUtil - Test started: testAddNewCart
2026-05-26 21:50:28.295 [main] INFO  c.f.automation.utils.LoggerUtil - ========== Test: Add New Cart ==========
2026-05-26 21:50:28.295 [main] INFO  c.f.automation.utils.LoggerUtil - Test Data: {Quantity1=-5, Quantity2=, TestCase=TC5, UserId=5, ProductId2=, ProductId1=1, Date=Mon May 26 00:00:00 IST 2025}
2026-05-26 21:50:28.295 [main] INFO  c.f.automation.utils.LoggerUtil - Executing Test Case: TC5
2026-05-26 21:50:28.295 [main] INFO  c.f.automation.utils.LoggerUtil - User ID: 5
2026-05-26 21:50:28.295 [main] INFO  c.f.automation.utils.LoggerUtil - Date: Mon May 26 00:00:00 IST 2025
2026-05-26 21:50:28.296 [main] INFO  c.f.automation.utils.LoggerUtil - Added Product 1: ID=1, Quantity=-5
2026-05-26 21:50:28.296 [main] INFO  c.f.automation.utils.LoggerUtil - Cart Payload: {date=Mon May 26 00:00:00 IST 2025, userId=5, products=[{quantity=-5, productId=1}]}
2026-05-26 21:50:28.296 [main] INFO  c.f.automation.utils.LoggerUtil - ✓ Payload Data Validation PASSED: All required fields have values
2026-05-26 21:50:28.296 [main] INFO  c.f.automation.utils.LoggerUtil - Creating new cart
2026-05-26 21:50:28.297 [main] INFO  c.f.automation.utils.LoggerUtil - Sending HTTP Request --> POST https://fakestoreapi.com/carts
2026-05-26 21:50:28.297 [main] DEBUG c.f.automation.utils.LoggerUtil - Request Payload: {
  "date" : "Mon May 26 00:00:00 IST 2025",
  "userId" : 5,
  "products" : [ {
    "quantity" : -5,
    "productId" : 1
  } ]
}
2026-05-26 21:50:28.297 [main] DEBUG c.f.automation.utils.LoggerUtil - REST call timeout configured: 5 minutes
2026-05-26 21:50:28.297 [main] INFO  c.f.automation.utils.LoggerUtil - Headers: {Accept=application/json, Content-Type=application/json}
2026-05-26 21:50:28.883 [main] INFO  c.f.automation.utils.LoggerUtil - Response Code: 201
2026-05-26 21:50:28.883 [main] INFO  c.f.automation.utils.LoggerUtil - Response Time: 0 seconds
2026-05-26 21:50:28.883 [main] INFO  c.f.automation.utils.LoggerUtil - Response Code: 201
2026-05-26 21:50:28.883 [main] INFO  c.f.automation.utils.LoggerUtil - Response Body: {"id":11,"userId":5,"date":"Mon May 26 00:00:00 IST 2025","products":[{"quantity":-5,"productId":1}]}
2026-05-26 21:50:28.883 [main] INFO  c.f.automation.utils.LoggerUtil - ✓ Status Code Validation PASSED: Response code 201 is a success code
2026-05-26 21:50:28.883 [main] INFO  c.f.automation.utils.LoggerUtil - ✓ Response Body Validation PASSED: Contains 'id' field
2026-05-26 21:50:28.883 [main] INFO  c.f.automation.utils.LoggerUtil - ✓ Response Body Validation PASSED: Contains 'userId' field
2026-05-26 21:50:28.883 [main] INFO  c.f.automation.utils.LoggerUtil - ✓ Response Body Validation PASSED: Contains 'products' field
2026-05-26 21:50:28.883 [main] INFO  c.f.automation.utils.LoggerUtil - ✓ Response Structure Validation PASSED: Valid JSON format
2026-05-26 21:50:28.883 [main] INFO  c.f.automation.utils.LoggerUtil - ✓ User ID Validation PASSED: ID matches requested user (5)
2026-05-26 21:50:28.883 [main] INFO  c.f.automation.utils.LoggerUtil - ========== Test Completed: TC5 ==========
2026-05-26 21:50:28.883 [main] INFO  c.f.automation.utils.LoggerUtil - Test passed: testAddNewCart
2026-05-26 21:50:28.895 [main] INFO  c.f.automation.utils.LoggerUtil - Tearing down CartTests...
2026-05-26 21:50:28.895 [main] INFO  c.f.automation.utils.LoggerUtil - CartTests teardown completed
2026-05-26 21:50:28.895 [main] INFO  c.f.automation.utils.LoggerUtil - Test Suite finished: Cart_AddNewCart
2026-05-26 21:50:28.913 [main] INFO  c.f.automation.utils.LoggerUtil - Extent Report flushed successfully
2026-05-26 21:50:28.938 [main] INFO  c.f.automation.utils.LoggerUtil - Test Suite started: Cart_UpdateCart
2026-05-26 21:50:28.939 [main] INFO  c.f.automation.utils.LoggerUtil - Setting up CartTests...
2026-05-26 21:50:28.939 [main] INFO  c.f.automation.utils.LoggerUtil - CartTests setup completed
2026-05-26 21:50:28.940 [main] INFO  c.f.automation.utils.LoggerUtil - Loading test data from: ./src/main/resources/testdata/combinedTestData.xlsx:UpdateCart
2026-05-26 21:50:28.940 [main] INFO  c.f.automation.utils.LoggerUtil - Test data sets filter: ALL
2026-05-26 21:50:28.940 [main] INFO  c.f.automation.utils.LoggerUtil - Excel File: ./src/main/resources/testdata/combinedTestData.xlsx
2026-05-26 21:50:28.940 [main] INFO  c.f.automation.utils.LoggerUtil - Sheet Name: UpdateCart
2026-05-26 21:50:29.016 [main] INFO  c.f.automation.utils.LoggerUtil - Excel file loaded: ./src/main/resources/testdata/combinedTestData.xlsx
2026-05-26 21:50:29.022 [main] INFO  c.f.automation.utils.LoggerUtil - Total test data rows loaded: 4
2026-05-26 21:50:29.022 [main] INFO  c.f.automation.utils.LoggerUtil - Excel workbook closed
2026-05-26 21:50:29.024 [main] INFO  c.f.automation.utils.LoggerUtil - Test started: testUpdateCart
2026-05-26 21:50:29.024 [main] INFO  c.f.automation.utils.LoggerUtil - ========== Test: Update Cart ==========
2026-05-26 21:50:29.024 [main] INFO  c.f.automation.utils.LoggerUtil - Test Data: {Quantity1=3, Quantity2=4, TestCase=TC1, UserId=1, ProductId2=2, ProductId1=1, CartId=1, Date=Mon May 26 00:00:00 IST 2025}
2026-05-26 21:50:29.024 [main] INFO  c.f.automation.utils.LoggerUtil - Executing Test Case: TC1
2026-05-26 21:50:29.024 [main] INFO  c.f.automation.utils.LoggerUtil - Cart ID: 1
2026-05-26 21:50:29.026 [main] INFO  c.f.automation.utils.LoggerUtil - User ID: 1
2026-05-26 21:50:29.026 [main] INFO  c.f.automation.utils.LoggerUtil - Date: Mon May 26 00:00:00 IST 2025
2026-05-26 21:50:29.026 [main] INFO  c.f.automation.utils.LoggerUtil - Added Product 1: ID=1, Quantity=3
2026-05-26 21:50:29.026 [main] INFO  c.f.automation.utils.LoggerUtil - Added Product 2: ID=2, Quantity=4
2026-05-26 21:50:29.026 [main] INFO  c.f.automation.utils.LoggerUtil - Cart Payload: {date=Mon May 26 00:00:00 IST 2025, userId=1, products=[{quantity=3, productId=1}, {quantity=4, productId=2}]}
2026-05-26 21:50:29.026 [main] INFO  c.f.automation.utils.LoggerUtil - ✓ Payload Data Validation PASSED: All required fields have values
2026-05-26 21:50:29.026 [main] INFO  c.f.automation.utils.LoggerUtil - Updating cart with ID: 1
2026-05-26 21:50:29.026 [main] DEBUG c.f.automation.utils.LoggerUtil - URL after placeholder substitution: /carts/1
2026-05-26 21:50:29.026 [main] INFO  c.f.automation.utils.LoggerUtil - Sending HTTP Request --> PUT https://fakestoreapi.com/carts/1
2026-05-26 21:50:29.026 [main] DEBUG c.f.automation.utils.LoggerUtil - Request Payload: {
  "date" : "Mon May 26 00:00:00 IST 2025",
  "userId" : 1,
  "products" : [ {
    "quantity" : 3,
    "productId" : 1
  }, {
    "quantity" : 4,
    "productId" : 2
  } ]
}
2026-05-26 21:50:29.026 [main] DEBUG c.f.automation.utils.LoggerUtil - REST call timeout configured: 5 minutes
2026-05-26 21:50:29.028 [main] INFO  c.f.automation.utils.LoggerUtil - Headers: {Accept=application/json, Content-Type=application/json}
2026-05-26 21:50:29.482 [main] INFO  c.f.automation.utils.LoggerUtil - Response Code: 200
2026-05-26 21:50:29.482 [main] INFO  c.f.automation.utils.LoggerUtil - Response Time: 0 seconds
2026-05-26 21:50:29.482 [main] INFO  c.f.automation.utils.LoggerUtil - Response Code: 200
2026-05-26 21:50:29.482 [main] INFO  c.f.automation.utils.LoggerUtil - Response Body: {"id":1,"userId":1,"date":"Mon May 26 00:00:00 IST 2025","products":[{"quantity":3,"productId":1},{"quantity":4,"productId":2}]}
2026-05-26 21:50:29.482 [main] INFO  c.f.automation.utils.LoggerUtil - ✓ Status Code Validation PASSED: Response code 200 is a success code
2026-05-26 21:50:29.482 [main] INFO  c.f.automation.utils.LoggerUtil - ✓ Response Body Validation PASSED: Contains 'id' field
2026-05-26 21:50:29.482 [main] INFO  c.f.automation.utils.LoggerUtil - ✓ Response Body Validation PASSED: Contains 'userId' field
2026-05-26 21:50:29.482 [main] INFO  c.f.automation.utils.LoggerUtil - ✓ Response Body Validation PASSED: Contains 'products' field
2026-05-26 21:50:29.482 [main] INFO  c.f.automation.utils.LoggerUtil - ✓ Response Structure Validation PASSED: Valid JSON format
2026-05-26 21:50:29.482 [main] INFO  c.f.automation.utils.LoggerUtil - ✓ User ID Validation PASSED: ID matches requested user (1)
2026-05-26 21:50:29.495 [main] INFO  c.f.automation.utils.LoggerUtil - ✓ Cart ID Validation PASSED: ID matches requested cart (1)
2026-05-26 21:50:29.496 [main] INFO  c.f.automation.utils.LoggerUtil - ========== Test Completed: TC1 ==========
2026-05-26 21:50:29.496 [main] INFO  c.f.automation.utils.LoggerUtil - Test passed: testUpdateCart
2026-05-26 21:50:29.497 [main] INFO  c.f.automation.utils.LoggerUtil - Test started: testUpdateCart
2026-05-26 21:50:29.497 [main] INFO  c.f.automation.utils.LoggerUtil - ========== Test: Update Cart ==========
2026-05-26 21:50:29.500 [main] INFO  c.f.automation.utils.LoggerUtil - Test Data: {Quantity1=10, Quantity2=, TestCase=TC2, UserId=2, ProductId2=, ProductId1=5, CartId=2, Date=Mon May 26 00:00:00 IST 2025}
2026-05-26 21:50:29.500 [main] INFO  c.f.automation.utils.LoggerUtil - Executing Test Case: TC2
2026-05-26 21:50:29.500 [main] INFO  c.f.automation.utils.LoggerUtil - Cart ID: 2
2026-05-26 21:50:29.500 [main] INFO  c.f.automation.utils.LoggerUtil - User ID: 2
2026-05-26 21:50:29.500 [main] INFO  c.f.automation.utils.LoggerUtil - Date: Mon May 26 00:00:00 IST 2025
2026-05-26 21:50:29.500 [main] INFO  c.f.automation.utils.LoggerUtil - Added Product 1: ID=5, Quantity=10
2026-05-26 21:50:29.500 [main] INFO  c.f.automation.utils.LoggerUtil - Cart Payload: {date=Mon May 26 00:00:00 IST 2025, userId=2, products=[{quantity=10, productId=5}]}
2026-05-26 21:50:29.500 [main] INFO  c.f.automation.utils.LoggerUtil - ✓ Payload Data Validation PASSED: All required fields have values
2026-05-26 21:50:29.500 [main] INFO  c.f.automation.utils.LoggerUtil - Updating cart with ID: 2
2026-05-26 21:50:29.500 [main] DEBUG c.f.automation.utils.LoggerUtil - URL after placeholder substitution: /carts/2
2026-05-26 21:50:29.500 [main] INFO  c.f.automation.utils.LoggerUtil - Sending HTTP Request --> PUT https://fakestoreapi.com/carts/2
2026-05-26 21:50:29.500 [main] DEBUG c.f.automation.utils.LoggerUtil - Request Payload: {
  "date" : "Mon May 26 00:00:00 IST 2025",
  "userId" : 2,
  "products" : [ {
    "quantity" : 10,
    "productId" : 5
  } ]
}
2026-05-26 21:50:29.502 [main] DEBUG c.f.automation.utils.LoggerUtil - REST call timeout configured: 5 minutes
2026-05-26 21:50:29.502 [main] INFO  c.f.automation.utils.LoggerUtil - Headers: {Accept=application/json, Content-Type=application/json}
2026-05-26 21:50:29.996 [main] INFO  c.f.automation.utils.LoggerUtil - Response Code: 200
2026-05-26 21:50:29.996 [main] INFO  c.f.automation.utils.LoggerUtil - Response Time: 0 seconds
2026-05-26 21:50:29.996 [main] INFO  c.f.automation.utils.LoggerUtil - Response Code: 200
2026-05-26 21:50:29.997 [main] INFO  c.f.automation.utils.LoggerUtil - Response Body: {"id":2,"userId":2,"date":"Mon May 26 00:00:00 IST 2025","products":[{"quantity":10,"productId":5}]}
2026-05-26 21:50:29.997 [main] INFO  c.f.automation.utils.LoggerUtil - ✓ Status Code Validation PASSED: Response code 200 is a success code
2026-05-26 21:50:29.997 [main] INFO  c.f.automation.utils.LoggerUtil - ✓ Response Body Validation PASSED: Contains 'id' field
2026-05-26 21:50:29.997 [main] INFO  c.f.automation.utils.LoggerUtil - ✓ Response Body Validation PASSED: Contains 'userId' field
2026-05-26 21:50:29.997 [main] INFO  c.f.automation.utils.LoggerUtil - ✓ Response Body Validation PASSED: Contains 'products' field
2026-05-26 21:50:29.997 [main] INFO  c.f.automation.utils.LoggerUtil - ✓ Response Structure Validation PASSED: Valid JSON format
2026-05-26 21:50:29.997 [main] INFO  c.f.automation.utils.LoggerUtil - ✓ User ID Validation PASSED: ID matches requested user (2)
2026-05-26 21:50:29.997 [main] INFO  c.f.automation.utils.LoggerUtil - ✓ Cart ID Validation PASSED: ID matches requested cart (2)
2026-05-26 21:50:29.997 [main] INFO  c.f.automation.utils.LoggerUtil - ========== Test Completed: TC2 ==========
2026-05-26 21:50:29.997 [main] INFO  c.f.automation.utils.LoggerUtil - Test passed: testUpdateCart
2026-05-26 21:50:30.000 [main] INFO  c.f.automation.utils.LoggerUtil - Test started: testUpdateCart
2026-05-26 21:50:30.000 [main] INFO  c.f.automation.utils.LoggerUtil - ========== Test: Update Cart ==========
2026-05-26 21:50:30.000 [main] INFO  c.f.automation.utils.LoggerUtil - Test Data: {Quantity1=0, Quantity2=, TestCase=TC3, UserId=3, ProductId2=, ProductId1=1, CartId=3, Date=Mon May 26 00:00:00 IST 2025}
2026-05-26 21:50:30.000 [main] INFO  c.f.automation.utils.LoggerUtil - Executing Test Case: TC3
2026-05-26 21:50:30.000 [main] INFO  c.f.automation.utils.LoggerUtil - Cart ID: 3
2026-05-26 21:50:30.000 [main] INFO  c.f.automation.utils.LoggerUtil - User ID: 3
2026-05-26 21:50:30.000 [main] INFO  c.f.automation.utils.LoggerUtil - Date: Mon May 26 00:00:00 IST 2025
2026-05-26 21:50:30.000 [main] INFO  c.f.automation.utils.LoggerUtil - Added Product 1: ID=1, Quantity=0
2026-05-26 21:50:30.000 [main] INFO  c.f.automation.utils.LoggerUtil - Cart Payload: {date=Mon May 26 00:00:00 IST 2025, userId=3, products=[{quantity=0, productId=1}]}
2026-05-26 21:50:30.000 [main] INFO  c.f.automation.utils.LoggerUtil - ✓ Payload Data Validation PASSED: All required fields have values
2026-05-26 21:50:30.000 [main] INFO  c.f.automation.utils.LoggerUtil - Updating cart with ID: 3
2026-05-26 21:50:30.001 [main] DEBUG c.f.automation.utils.LoggerUtil - URL after placeholder substitution: /carts/3
2026-05-26 21:50:30.001 [main] INFO  c.f.automation.utils.LoggerUtil - Sending HTTP Request --> PUT https://fakestoreapi.com/carts/3
2026-05-26 21:50:30.001 [main] DEBUG c.f.automation.utils.LoggerUtil - Request Payload: {
  "date" : "Mon May 26 00:00:00 IST 2025",
  "userId" : 3,
  "products" : [ {
    "quantity" : 0,
    "productId" : 1
  } ]
}
2026-05-26 21:50:30.001 [main] DEBUG c.f.automation.utils.LoggerUtil - REST call timeout configured: 5 minutes
2026-05-26 21:50:30.001 [main] INFO  c.f.automation.utils.LoggerUtil - Headers: {Accept=application/json, Content-Type=application/json}
2026-05-26 21:50:30.550 [main] INFO  c.f.automation.utils.LoggerUtil - Response Code: 200
2026-05-26 21:50:30.550 [main] INFO  c.f.automation.utils.LoggerUtil - Response Time: 0 seconds
2026-05-26 21:50:30.554 [main] INFO  c.f.automation.utils.LoggerUtil - Response Code: 200
2026-05-26 21:50:30.554 [main] INFO  c.f.automation.utils.LoggerUtil - Response Body: {"id":3,"userId":3,"date":"Mon May 26 00:00:00 IST 2025","products":[{"quantity":0,"productId":1}]}
2026-05-26 21:50:30.554 [main] INFO  c.f.automation.utils.LoggerUtil - ✓ Status Code Validation PASSED: Response code 200 is a success code
2026-05-26 21:50:30.554 [main] INFO  c.f.automation.utils.LoggerUtil - ✓ Response Body Validation PASSED: Contains 'id' field
2026-05-26 21:50:30.554 [main] INFO  c.f.automation.utils.LoggerUtil - ✓ Response Body Validation PASSED: Contains 'userId' field
2026-05-26 21:50:30.554 [main] INFO  c.f.automation.utils.LoggerUtil - ✓ Response Body Validation PASSED: Contains 'products' field
2026-05-26 21:50:30.554 [main] INFO  c.f.automation.utils.LoggerUtil - ✓ Response Structure Validation PASSED: Valid JSON format
2026-05-26 21:50:30.554 [main] INFO  c.f.automation.utils.LoggerUtil - ✓ User ID Validation PASSED: ID matches requested user (3)
2026-05-26 21:50:30.554 [main] INFO  c.f.automation.utils.LoggerUtil - ✓ Cart ID Validation PASSED: ID matches requested cart (3)
2026-05-26 21:50:30.554 [main] INFO  c.f.automation.utils.LoggerUtil - ========== Test Completed: TC3 ==========
2026-05-26 21:50:30.554 [main] INFO  c.f.automation.utils.LoggerUtil - Test passed: testUpdateCart
2026-05-26 21:50:30.558 [main] INFO  c.f.automation.utils.LoggerUtil - Test started: testUpdateCart
2026-05-26 21:50:30.558 [main] INFO  c.f.automation.utils.LoggerUtil - ========== Test: Update Cart ==========
2026-05-26 21:50:30.558 [main] INFO  c.f.automation.utils.LoggerUtil - Test Data: {Quantity1=1, Quantity2=, TestCase=TC4, UserId=1, ProductId2=, ProductId1=1, CartId=999, Date=Mon May 26 00:00:00 IST 2025}
2026-05-26 21:50:30.558 [main] INFO  c.f.automation.utils.LoggerUtil - Executing Test Case: TC4
2026-05-26 21:50:30.558 [main] INFO  c.f.automation.utils.LoggerUtil - Cart ID: 999
2026-05-26 21:50:30.558 [main] INFO  c.f.automation.utils.LoggerUtil - User ID: 1
2026-05-26 21:50:30.558 [main] INFO  c.f.automation.utils.LoggerUtil - Date: Mon May 26 00:00:00 IST 2025
2026-05-26 21:50:30.558 [main] INFO  c.f.automation.utils.LoggerUtil - Added Product 1: ID=1, Quantity=1
2026-05-26 21:50:30.558 [main] INFO  c.f.automation.utils.LoggerUtil - Cart Payload: {date=Mon May 26 00:00:00 IST 2025, userId=1, products=[{quantity=1, productId=1}]}
2026-05-26 21:50:30.558 [main] INFO  c.f.automation.utils.LoggerUtil - ✓ Payload Data Validation PASSED: All required fields have values
2026-05-26 21:50:30.558 [main] INFO  c.f.automation.utils.LoggerUtil - Updating cart with ID: 999
2026-05-26 21:50:30.558 [main] DEBUG c.f.automation.utils.LoggerUtil - URL after placeholder substitution: /carts/999
2026-05-26 21:50:30.558 [main] INFO  c.f.automation.utils.LoggerUtil - Sending HTTP Request --> PUT https://fakestoreapi.com/carts/999
2026-05-26 21:50:30.558 [main] DEBUG c.f.automation.utils.LoggerUtil - Request Payload: {
  "date" : "Mon May 26 00:00:00 IST 2025",
  "userId" : 1,
  "products" : [ {
    "quantity" : 1,
    "productId" : 1
  } ]
}
2026-05-26 21:50:30.558 [main] DEBUG c.f.automation.utils.LoggerUtil - REST call timeout configured: 5 minutes
2026-05-26 21:50:30.558 [main] INFO  c.f.automation.utils.LoggerUtil - Headers: {Accept=application/json, Content-Type=application/json}
2026-05-26 21:50:31.076 [main] INFO  c.f.automation.utils.LoggerUtil - Response Code: 200
2026-05-26 21:50:31.076 [main] INFO  c.f.automation.utils.LoggerUtil - Response Time: 0 seconds
2026-05-26 21:50:31.076 [main] INFO  c.f.automation.utils.LoggerUtil - Response Code: 200
2026-05-26 21:50:31.076 [main] INFO  c.f.automation.utils.LoggerUtil - Response Body: {"id":999,"userId":1,"date":"Mon May 26 00:00:00 IST 2025","products":[{"quantity":1,"productId":1}]}
2026-05-26 21:50:31.076 [main] INFO  c.f.automation.utils.LoggerUtil - ✓ Status Code Validation PASSED: Response code 200 is a success code
2026-05-26 21:50:31.076 [main] INFO  c.f.automation.utils.LoggerUtil - ✓ Response Body Validation PASSED: Contains 'id' field
2026-05-26 21:50:31.076 [main] INFO  c.f.automation.utils.LoggerUtil - ✓ Response Body Validation PASSED: Contains 'userId' field
2026-05-26 21:50:31.076 [main] INFO  c.f.automation.utils.LoggerUtil - ✓ Response Body Validation PASSED: Contains 'products' field
2026-05-26 21:50:31.076 [main] INFO  c.f.automation.utils.LoggerUtil - ✓ Response Structure Validation PASSED: Valid JSON format
2026-05-26 21:50:31.076 [main] INFO  c.f.automation.utils.LoggerUtil - ✓ User ID Validation PASSED: ID matches requested user (1)
2026-05-26 21:50:31.076 [main] INFO  c.f.automation.utils.LoggerUtil - ✓ Cart ID Validation PASSED: ID matches requested cart (999)
2026-05-26 21:50:31.078 [main] INFO  c.f.automation.utils.LoggerUtil - ========== Test Completed: TC4 ==========
2026-05-26 21:50:31.078 [main] INFO  c.f.automation.utils.LoggerUtil - Test passed: testUpdateCart
2026-05-26 21:50:31.079 [main] INFO  c.f.automation.utils.LoggerUtil - Tearing down CartTests...
2026-05-26 21:50:31.081 [main] INFO  c.f.automation.utils.LoggerUtil - CartTests teardown completed
2026-05-26 21:50:31.081 [main] INFO  c.f.automation.utils.LoggerUtil - Test Suite finished: Cart_UpdateCart
2026-05-26 21:50:31.133 [main] INFO  c.f.automation.utils.LoggerUtil - Extent Report flushed successfully
2026-05-26 21:57:14.262 [main] INFO  org.testng.internal.Utils - [TestNG] Running:
  C:\Users\mugn\Documents\NM\fakestoreapi\fakestore-automation\testng.xml

2026-05-26 21:59:43.551 [main] INFO  org.testng.internal.Utils - [TestNG] Running:
  C:\Users\mugn\Documents\NM\fakestoreapi\fakestore-automation\testng.xml

2026-05-26 22:12:39.869 [main] INFO  org.testng.internal.Utils - [TestNG] Running:
  C:\Users\mugn\Documents\NM\fakestoreapi\fakestore-automation\testng.xml

2026-05-26 22:16:58.437 [main] INFO  org.testng.internal.Utils - [TestNG] Running:
  C:\Users\mugn\Documents\NM\fakestoreapi\fakestore-automation\testng.xml

2026-05-26 22:19:36.702 [main] INFO  org.testng.internal.Utils - [TestNG] Running:
  C:\Users\mugn\Documents\NM\fakestoreapi\fakestore-automation\testng.xml

2026-05-26 22:29:25.422 [main] INFO  org.testng.internal.Utils - [TestNG] Running:
  C:\Users\mugn\Documents\NM\fakestoreapi\fakestore-automation\testng.xml

2026-05-26 22:34:12.519 [main] INFO  org.testng.internal.Utils - [TestNG] Running:
  C:\Users\mugn\Documents\NM\fakestoreapi\fakestore-automation\testng.xml

2026-05-26 22:35:17.666 [main] INFO  org.testng.internal.Utils - [TestNG] Running:
  C:\Users\mugn\Documents\NM\fakestoreapi\fakestore-automation\testng.xml

2026-05-26 22:38:54.885 [main] INFO  org.testng.internal.Utils - [TestNG] Running:
  C:\Users\mugn\Documents\NM\fakestoreapi\fakestore-automation\testng.xml

2026-05-26 22:47:32.925 [main] INFO  org.testng.internal.Utils - [TestNG] Running:
  C:\Users\mugn\Documents\NM\fakestoreapi\fakestore-automation\testng.xml

2026-05-26 22:56:04.144 [main] INFO  org.testng.internal.Utils - [TestNG] Running:
  C:\Users\mugn\Documents\NM\fakestoreapi\fakestore-automation\testng.xml

2026-05-26 22:56:54.246 [main] INFO  org.testng.internal.Utils - [TestNG] Running:
  C:\Users\mugn\Documents\NM\fakestoreapi\fakestore-automation\testng.xml

